recipe_title,category,subcategory,description,ingredients,directions,num_ingredients,num_steps
Ceviche Clásico de Pescado,Entradas y Piqueos,Costa,"El plato bandera del Perú: pescado fresco marinado en limón con cebolla, ají y camote, de sabor cítrico e intenso.","[""pescado blanco"", ""jugo de limón"", ""cebolla roja"", ""ajíes limo"", ""ajo"", ""sal"", ""pimienta"", ""camote"", ""choclo"", ""hojas de lechuga"", ""culantro""]","[""Sazonar los cubos de pescado con sal, pimienta y ajo molido."", ""Agregar el jugo de limón y mezclar suavemente; dejar reposar 5 minutos hasta que el pescado se vuelva opaco."", ""Incorporar la cebolla en pluma y el ají limo picado, mezclar con cuidado."", ""Servir de inmediato sobre hojas de lechuga, acompañado de camote, choclo y culantro picado.""]",11,4
Ceviche Mixto,Entradas y Piqueos,Costa,Una variante del ceviche clásico que combina pescado y mariscos frescos en una marinada cítrica y picante.,"[""pescado blanco"", ""pota o calamar"", ""langostinos"", ""conchas de abanico"", ""jugo de limón"", ""cebolla roja"", ""ajíes limo"", ""sal"", ""pimienta"", ""culantro""]","[""Blanquear brevemente la pota, los langostinos y las conchas en agua hirviendo con sal; enfriar de inmediato."", ""Mezclar los mariscos con el pescado crudo, sazonar con sal y pimienta."", ""Bañar con el jugo de limón y dejar reposar unos minutos."", ""Añadir la cebolla, el ají limo y el culantro, mezclar y servir frío con camote y choclo.""]",10,4
Tiradito de Pescado,Entradas y Piqueos,Costa,"Finas láminas de pescado bañadas en una crema cítrica de ají amarillo, inspirado en la técnica del sashimi.","[""filete de pescado blanco"", ""jugo de limón"", ""ají amarillo"", ""ajo"", ""sal"", ""cebolla china""]","[""Licuar el jugo de limón con el ají amarillo, el ajo y sal hasta obtener una crema."", ""Acomodar las láminas de pescado en un plato extendido."", ""Bañar el pescado con la crema de limón y ají justo antes de servir."", ""Decorar con cebolla china picada y servir de inmediato bien frío.""]",6,4
Causa Limeña de Pollo,Entradas y Piqueos,Costa,"Capas de puré de papa amarilla sazonada con ají y limón, rellenas de pollo deshilachado con mayonesa.","[""papa amarilla"", ""ají amarillo"", ""jugo de limones"", ""aceite vegetal"", ""sal"", ""pechugas de pollo"", ""mayonesa"", ""palta"", ""aceitunas negras""]","[""Mezclar la papa prensada con el ají amarillo, el jugo de limón, aceite y sal hasta lograr una masa uniforme."", ""Mezclar el pollo deshilachado con mayonesa."", ""Formar una capa de papa en un molde, agregar el relleno de pollo y láminas de palta, cubrir con otra capa de papa."", ""Refrigerar 30 minutos, desmoldar y decorar con aceitunas antes de servir.""]",9,4
Causa Rellena de Atún,Entradas y Piqueos,Costa,"Versión de la causa limeña rellena con atún y mayonesa, fresca y fácil de preparar.","[""papa amarilla"", ""ají amarillo"", ""jugo de limones"", ""aceite vegetal"", ""sal"", ""atún"", ""mayonesa"", ""palta""]","[""Sazonar la papa prensada con ají amarillo, limón, aceite y sal."", ""Mezclar el atún escurrido con mayonesa."", ""Armar capas de papa y relleno de atún en un molde, terminando con papa."", ""Enfriar antes de desmoldar y decorar con palta.""]",8,4
Papa a la Huancaina,Entradas y Piqueos,Sierra,"Papas sancochadas bañadas en una cremosa salsa de ají amarillo y queso fresco, un clásico infaltable.","[""papas amarillas"", ""queso fresco"", ""ajíes amarillos"", ""leche evaporada"", ""galletas de soda"", ""sal"", ""hojas de lechuga"", ""aceitunas""]","[""Licuar el queso fresco, el ají amarillo, la leche y las galletas hasta obtener una salsa cremosa; sazonar con sal."", ""Cortar las papas sancochadas en rodajas gruesas."", ""Colocar la lechuga en un plato, disponer las papas encima."", ""Bañar con la salsa huancaína y decorar con aceitunas y huevo sancochado si se desea.""]",8,4
Ocopa Arequipeña,Entradas y Piqueos,Sierra,"Papas bañadas en una salsa arequipeña a base de huacatay, ají mirasol y maní tostado.","[""papas amarillas"", ""ramo de huacatay"", ""ajíes mirasol"", ""maní"", ""queso fresco"", ""leche evaporada"", ""aceite vegetal"", ""sal""]","[""Sofreír el ají mirasol en un poco de aceite."", ""Licuar el ají sofrito con el huacatay, el maní, el queso, la leche y sal hasta obtener una crema espesa."", ""Cortar las papas en rodajas y colocarlas en un plato."", ""Bañar con la salsa de ocopa y decorar con huevo sancochado y aceitunas.""]",8,4
Solterito de Queso,Entradas y Piqueos,Sierra,"Ensalada arequipeña fresca de habas, choclo, queso y tomate aliñada con un vinagreta sencilla.","[""habas"", ""choclo"", ""queso fresco"", ""tomate"", ""cebolla roja"", ""aceitunas negras"", ""aceite de oliva"", ""vinagre"", ""sal"", ""pimienta""]","[""Mezclar en un bol las habas, el choclo, el queso, el tomate y la cebolla."", ""Añadir las aceitunas negras."", ""Aliñar con aceite de oliva, vinagre, sal y pimienta al gusto."", ""Mezclar bien y servir frío como entrada.""]",10,4
Choros a la Chalaca,Entradas y Piqueos,Costa,"Choros (mejillones) al vapor cubiertos con una fresca salsa criolla de cebolla, tomate, choclo y limón.","[""choros"", ""cebolla roja"", ""tomate"", ""choclo"", ""jugo de limones"", ""ají limo"", ""sal"", ""pimienta"", ""culantro""]","[""Cocinar los choros al vapor hasta que se abran; retirar una de las valvas de cada uno."", ""Mezclar la cebolla, el tomate, el choclo y el ají limo en un bol."", ""Aliñar la mezcla con jugo de limón, sal y pimienta."", ""Colocar una cucharada de la mezcla sobre cada choro y decorar con culantro.""]",9,4
Conchitas a la Parmesana,Entradas y Piqueos,Costa,"Conchas de abanico gratinadas con mantequilla, ajo y queso parmesano, doradas al horno.","[""conchas de abanico"", ""mantequilla"", ""ajo"", ""queso parmesano"", ""perejil"", ""sal"", ""pimienta""]","[""Precalentar el horno y colocar las conchas en una bandeja."", ""Mezclar la mantequilla derretida con el ajo, sal y pimienta."", ""Bañar cada concha con la mezcla de mantequilla y cubrir con queso parmesano."", ""Gratinar en el horno hasta que el queso dore y servir con perejil picado.""]",7,4
Papa Rellena,Entradas y Piqueos,Costa,"Bola de puré de papa rellena de guiso de carne, huevo y aceitunas, frita hasta dorar.","[""papa amarilla"", ""huevo"", ""carne"", ""cebolla"", ""huevo duro"", ""aceitunas"", ""comino"", ""ají panca"", ""sal"", ""pimienta"", ""aceite""]","[""Preparar un guiso salteando la cebolla con ají panca, agregar la carne molida, comino, sal y pimienta hasta cocinar."", ""Mezclar la papa prensada con el huevo y sal para formar la masa."", ""Formar bolas de papa, rellenar con el guiso, huevo duro y aceitunas, y sellar bien."", ""Freír en aceite caliente hasta dorar por todos lados y servir caliente.""]",11,4
Escabeche de Pescado,Entradas y Piqueos,Costa,"Pescado frito bañado en un aderezo agridulce de cebolla, ají amarillo y vinagre.","[""pescado"", ""cebollas"", ""ajíes amarillos"", ""vinagre"", ""comino"", ""aceite"", ""sal"", ""pimienta"", ""huevo duro"", ""aceitunas""]","[""Sazonar y freír los filetes de pescado hasta dorar; reservar."", ""En el mismo aceite, saltear la cebolla y el ají amarillo con comino."", ""Agregar el vinagre y dejar hervir un par de minutos hasta formar el aderezo."", ""Bañar el pescado frito con el aderezo caliente y decorar con huevo duro y aceitunas.""]",10,4
Tequeños de Queso,Entradas y Piqueos,Costa,"Bastones de masa wonton rellenos de queso, fritos hasta quedar crocantes por fuera.","[""masa"", ""queso fresco"", ""huevo"", ""aceite""]","[""Colocar un bastón de queso sobre cada lámina de masa y enrollar bien apretado, sellando el borde con huevo batido."", ""Calentar abundante aceite en una sartén."", ""Freír los tequeños hasta que doren de manera uniforme."", ""Escurrir sobre papel absorbente y servir con salsa huancaína o de rocoto.""]",4,4
Rocoto Relleno,Entradas y Piqueos,Sierra,"Rocotos rellenos de un guiso de carne y especias, gratinados con queso, plato típico de Arequipa.","[""rocotos"", ""carne"", ""cebolla"", ""ají panca"", ""maní"", ""huevo"", ""leche evaporada"", ""queso"", ""papa""]","[""Vaciar los rocotos y hervirlos varias veces para bajar el picor; reservar."", ""Preparar un guiso salteando la cebolla con ají panca, incorporar la carne molida y el maní molido."", ""Rellenar los rocotos con el guiso, cubrir con una mezcla de huevo y leche, y queso rallado."", ""Hornear hasta gratinar y servir acompañados de papa sancochada o pastel de papa.""]",9,4
Palta Rellena,Entradas y Piqueos,Costa,"Mitades de palta rellenas con pollo o atún en mayonesa, una entrada fresca y sencilla.","[""paltas maduras"", ""pechugas de pollo"", ""mayonesa"", ""zanahoria"", ""taza de arvejas"", ""sal"", ""pimienta""]","[""Retirar la pepa de las paltas y ahuecar un poco la pulpa si es necesario."", ""Mezclar el pollo o atún con mayonesa, zanahoria y arvejas; sazonar con sal y pimienta."", ""Rellenar cada mitad de palta con la mezcla."", ""Servir frío como entrada, decorado con un poco de mayonesa.""]",7,4
Chicharrón de Pescado,Entradas y Piqueos,Costa,Trozos de pescado apanados y fritos hasta quedar dorados y crocantes.,"[""filete de pescado"", ""jugo de limones"", ""harina"", ""sal"", ""pimienta"", ""comino"", ""aceite"", ""yuca"", ""salsa criolla""]","[""Marinar el pescado con limón, sal, pimienta y comino por 10 minutos."", ""Pasar los trozos de pescado por harina, cubriendo bien cada pieza."", ""Freír en aceite bien caliente hasta dorar y quedar crocante."", ""Servir con yuca frita y salsa criolla.""]",9,4
Butifarra Criolla,Entradas y Piqueos,Costa,Sándwich clásico peruano de pan francés relleno de jamón del país y salsa criolla.,"[""panes franceses"", ""jamón del país"", ""cebolla roja"", ""jugo de limones"", ""ají limo"", ""sal"", ""aceite""]","[""Preparar la salsa criolla mezclando la cebolla con limón, ají limo, sal y un chorrito de aceite; dejar reposar."", ""Cortar los panes por la mitad sin separarlos del todo."", ""Rellenar cada pan con abundantes rodajas de jamón del país."", ""Cubrir con la salsa criolla y servir de inmediato.""]",7,4
Camotes Fritos,Entradas y Piqueos,Costa,"Bastones de camote frito, crocantes por fuera y dulces por dentro, ideal como acompañamiento.","[""camotes"", ""aceite"", ""sal""]","[""Cortar los camotes en bastones parejos."", ""Calentar abundante aceite en una sartén honda."", ""Freír los camotes hasta que doren y estén tiernos por dentro."", ""Escurrir el exceso de aceite, sazonar con sal y servir caliente.""]",3,4
Yuquitas Fritas con Ají,Entradas y Piqueos,Costa,"Bastones de yuca frita, crocantes y doradas, servidos con una salsa de ají picante.","[""yuca"", ""aceite"", ""sal"", ""ajíes amarillos"", ""ajo"", ""aceite"", ""limón""]","[""Sancochar la yuca hasta que esté tierna pero firme; escurrir bien."", ""Freír los bastones de yuca en aceite caliente hasta dorar."", ""Licuar el ají amarillo con ajo, aceite, limón y sal para la salsa."", ""Servir la yuca frita caliente acompañada de la salsa de ají.""]",7,4
Causa de Cangrejo,Entradas y Piqueos,Costa,Causa limeña rellena de carne de cangrejo sazonada con mayonesa y un toque de limón.,"[""papa amarilla"", ""ají amarillo"", ""jugo de limones"", ""aceite"", ""sal"", ""carne de cangrejo"", ""mayonesa"", ""palta""]","[""Sazonar la papa prensada con ají amarillo, limón, aceite y sal."", ""Mezclar la carne de cangrejo con mayonesa y un poco de limón."", ""Armar capas de papa y relleno de cangrejo en un molde, terminando con papa."", ""Refrigerar, desmoldar y decorar con palta antes de servir.""]",8,4
Chupe de Camarones,Sopas y Cremas,Costa,"Sopa cremosa arequipeña con camarones, leche, papas, choclo y huevo, de sabor intenso y reconfortante.","[""camarones"", ""cebolla"", ""ajo"", ""ají panca"", ""arvejas"", ""papas"", ""choclo"", ""leche evaporada"", ""huevos"", ""queso fresco"", ""arroz"", ""orégano"", ""sal""]","[""Saltear la cebolla y el ajo con ají panca hasta formar un aderezo."", ""Agregar caldo de camarones (hecho con las cáscaras), las papas y el choclo; cocinar hasta que las papas ablanden."", ""Incorporar los camarones, las arvejas, la leche y el arroz cocido."", ""Añadir los huevos y dejar cuajar suavemente, incorporar el queso al final y sazonar con orégano y sal.""]",13,4
Aguadito de Pollo,Sopas y Cremas,Costa,"Sopa espesa de arroz y pollo con un intenso sabor a culantro, reconfortante y nutritiva.","[""presas de pollo"", ""arroz"", ""culantro"", ""cebolla"", ""ajo"", ""zanahoria"", ""arvejas"", ""ají amarillo"", ""comino"", ""sal"", ""pimienta""]","[""Sellar las presas de pollo y reservar."", ""Preparar un aderezo con cebolla, ajo, ají amarillo y comino."", ""Agregar el pollo, caldo, zanahoria y arvejas; cocinar hasta que el pollo esté tierno."", ""Incorporar el arroz y el culantro licuado, cocinar hasta que el arroz esté en su punto y ajustar la sazón.""]",11,4
Parihuela,Sopas y Cremas,Costa,Sopa marinera contundente con variedad de mariscos y pescado en un caldo rojo de ají panca.,"[""pescado"", ""mariscos mixtos"", ""cebolla"", ""tomates"", ""ají panca"", ""ajo"", ""yuyo o algas"", ""culantro"", ""sal"", ""pimienta""]","[""Preparar un aderezo con cebolla, tomate, ajo y ají panca."", ""Agregar caldo de pescado y dejar hervir para concentrar el sabor."", ""Incorporar el pescado y los mariscos, cocinar hasta que estén en su punto."", ""Sazonar con sal, pimienta y culantro picado antes de servir bien caliente.""]",10,4
Sopa a la Criolla,Sopas y Cremas,Costa,"Sopa de fideos con carne, leche y un toque de ají amarillo, típica de la cocina casera limeña.","[""carne de res"", ""fideos cabello de ángel"", ""cebolla"", ""ají amarillo"", ""tomate"", ""leche evaporada"", ""huevo"", ""orégano"", ""sal"", ""pimienta""]","[""Saltear la cebolla y el tomate con ají amarillo hasta formar un aderezo."", ""Agregar la carne en tiras y sellar bien."", ""Añadir caldo, dejar hervir e incorporar los fideos."", ""Agregar la leche y el huevo batido al final, mezclando suavemente antes de servir.""]",10,4
Caldo de Gallina,Sopas y Cremas,Costa,"Caldo reconfortante de gallina con fideos, papa y huevo, considerado un remedio casero tradicional.","[""gallina"", ""fideos"", ""papas amarillas"", ""cebolla"", ""ajo"", ""huevos duros"", ""culantro"", ""sal""]","[""Cocinar la gallina en agua con cebolla y ajo hasta que esté tierna, obteniendo un caldo sabroso."", ""Retirar la gallina, colar el caldo y volver a hervir."", ""Agregar las papas y los fideos, cocinar hasta que estén tiernos."", ""Servir con presas de gallina, huevo duro y culantro picado.""]",8,4
Chairo,Sopas y Cremas,Sierra,"Sopa altiplánica a base de chuño, carne y verduras, típica de Puno y la región andina.","[""charqui o carne seca"", ""chuño"", ""chuño"", ""cebolla"", ""zanahoria"", ""habas"", ""hierbabuena"", ""sal""]","[""Cocinar el charqui con cebolla hasta que esté tierno, formando un caldo base."", ""Agregar el chuño remojado y la zanahoria; cocinar por un buen tiempo."", ""Incorporar las habas y cocinar hasta que todos los ingredientes estén suaves."", ""Finalizar con hierbabuena picada y sal al gusto.""]",8,4
Sopa Seca Chinchana,Sopas y Cremas,Costa,"Fideos guisados en un aderezo criollo de tomate y albahaca, plato típico de Chincha que se sirve junto a un carapulcra.","[""fideos"", ""tomates"", ""cebolla"", ""hojas de albahaca"", ""ají panca"", ""aceite"", ""sal"", ""pimienta""]","[""Cocinar los fideos en agua con sal hasta que estén al dente; escurrir."", ""Preparar un aderezo con cebolla, tomate y ají panca."", ""Licuar parte del aderezo con hojas de albahaca y mezclar con los fideos."", ""Saltear todo junto brevemente y servir caliente, tradicionalmente junto a un carapulcra.""]",8,4
Crema de Zapallo Loche,Sopas y Cremas,Costa,"Crema suave y aromática elaborada con zapallo loche, típica del norte peruano.","[""zapallo loche"", ""cebolla"", ""ajo"", ""leche evaporada"", ""caldo de pollo"", ""sal"", ""pimienta"", ""crotones""]","[""Saltear la cebolla y el ajo, agregar el zapallo en trozos."", ""Cubrir con caldo de pollo y cocinar hasta que el zapallo esté muy suave."", ""Licuar todo hasta obtener una crema homogénea."", ""Volver a la olla, agregar la leche, ajustar sazón y servir con crotones.""]",8,4
Sopa de Pescado,Sopas y Cremas,Costa,"Sopa casera de pescado con verduras y un aderezo ligero, ideal para un almuerzo reconfortante.","[""pescado"", ""cebolla"", ""tomates"", ""papas"", ""zanahoria"", ""ají amarillo"", ""culantro"", ""sal"", ""pimienta""]","[""Preparar un aderezo con cebolla, tomate y ají amarillo."", ""Agregar agua o caldo, las papas y la zanahoria; cocinar hasta que ablanden."", ""Incorporar el pescado y cocinar unos minutos más hasta que esté en su punto."", ""Sazonar con sal, pimienta y culantro picado antes de servir.""]",9,4
Locro de Zapallo,Sopas y Cremas,Sierra,"Guiso espeso de zapallo con choclo y queso, de sabor dulce y reconfortante, típico de la sierra.","[""zapallo macre"", ""choclo"", ""cebolla"", ""ají panca o mirasol"", ""leche"", ""queso fresco"", ""sal"", ""pimienta""]","[""Saltear la cebolla con ají panca hasta formar un aderezo."", ""Agregar el zapallo en trozos y un poco de agua; cocinar hasta que se deshaga parcialmente."", ""Incorporar el choclo y la leche, cocinar hasta espesar."", ""Añadir el queso al final y servir bien caliente.""]",8,4
Sopa Wantán,Sopas y Cremas,Costa,"Sopa de inspiración chino-peruana con wantanes rellenos, verduras y un caldo sabroso.","[""carne de cerdo"", ""masa wantán"", ""zanahoria"", ""col china"", ""salsa de soya"", ""sillao"", ""kion"", ""caldo de pollo"", ""sal"", ""pimienta""]","[""Mezclar la carne molida con sillao, kion y pimienta; rellenar y cerrar los wantanes."", ""Hervir el caldo de pollo con un chorrito de sillao."", ""Cocinar los wantanes en el caldo hasta que floten y estén cocidos."", ""Agregar la zanahoria y la col china, cocinar brevemente y servir caliente.""]",10,4
Timpu (Puchero Arequipeño),Sopas y Cremas,Sierra,"Guiso contundente arequipeño que reúne varias carnes, verduras y frutas en un mismo caldo.","[""carne de res"", ""gallina"", ""tocino"", ""repollo"", ""zanahoria"", ""camote"", ""duraznos secos o membrillo"", ""arroz graneado"", ""sal"", ""hierbas""]","[""Cocinar las carnes junto con el tocino en abundante agua hasta que estén tiernas."", ""Agregar el repollo, la zanahoria y el camote; cocinar hasta que las verduras estén suaves."", ""Incorporar los duraznos o membrillo al final para dar un toque dulce."", ""Servir el caldo y las carnes acompañados de arroz graneado.""]",10,4
Patasca,Sopas y Cremas,Sierra,"Sopa andina de mote pelado (maíz) con panza y carne, muy popular en la sierra central.","[""mote"", ""panza de res"", ""carne de res"", ""cebolla"", ""ají panca"", ""hierbabuena"", ""sal""]","[""Cocinar el mote pelado en abundante agua hasta que esté suave, esto puede tomar varias horas."", ""Aparte, cocinar la panza y la carne hasta que estén tiernas y cortarlas en trozos."", ""Preparar un aderezo con cebolla y ají panca, e incorporarlo al mote junto con las carnes."", ""Cocinar todo junto unos minutos más y finalizar con hierbabuena picada.""]",7,4
Chilcano de Pescado,Sopas y Cremas,Costa,"Caldo ligero y reconfortante de pescado con culantro y un toque de limón, ideal tras una noche larga.","[""cabeza"", ""espinazo de pescado"", ""papas"", ""cebolla"", ""tomate"", ""culantro"", ""jugo de limón"", ""sal"", ""pimienta""]","[""Hervir la cabeza y espinazo de pescado con cebolla y tomate para hacer un caldo sabroso."", ""Colar el caldo si se desea una versión más ligera, o dejar los trozos de pescado."", ""Agregar las papas y cocinar hasta que estén tiernas."", ""Sazonar con sal, pimienta, culantro y un chorro de limón antes de servir caliente.""]",9,4
Menestrón,Sopas y Cremas,Costa,"Sopa de verduras variadas con albahaca y fideos, versión peruana del minestrone italiano.","[""zanahoria"", ""habas"", ""vainitas"", ""papa"", ""choclo"", ""hojas de albahaca"", ""fideos codo"", ""sal"", ""pimienta""]","[""Cocinar todas las verduras en agua o caldo hasta que estén tiernas."", ""Licuar un puñado de albahaca con un poco del caldo y agregar a la olla para dar color y sabor."", ""Incorporar los fideos y cocinar hasta que estén al dente."", ""Sazonar con sal y pimienta y servir bien caliente.""]",9,4
Lomo Saltado,Platos de Fondo,Costa,"El salteado más emblemático del Perú: trozos de lomo salteados a fuego alto con cebolla, tomate y sillao, servido con papas fritas y arroz.","[""lomo de res"", ""cebolla roja"", ""tomates"", ""papas"", ""ajíes amarillos"", ""sillao"", ""vinagre"", ""culantro"", ""sal"", ""pimienta"", ""arroz blanco""]","[""Sellar el lomo en tiras a fuego muy alto en una sartén o wok bien caliente."", ""Agregar la cebolla, el ají amarillo y saltear brevemente sin que pierda textura."", ""Incorporar el tomate, el sillao y un chorrito de vinagre, saltear todo junto unos segundos."", ""Añadir las papas fritas al final, mezclar rápido y servir de inmediato con arroz blanco y culantro.""]",11,4
Ají de Gallina,Platos de Fondo,Costa,"Pollo deshilachado bañado en una cremosa salsa de ají amarillo, nueces y queso, uno de los platos más queridos del país.","[""pechuga de gallina o pollo"", ""ají amarillo"", ""cebolla"", ""ajo"", ""panes en leche"", ""nueces"", ""queso parmesano"", ""leche evaporada"", ""sal"", ""pimienta"", ""papas"", ""arroz""]","[""Saltear la cebolla y el ajo con el ají amarillo hasta formar un aderezo fragante."", ""Licuar el pan remojado en leche junto con las nueces para dar cuerpo a la salsa."", ""Incorporar esta mezcla al aderezo junto con más leche, cocinando a fuego lento hasta espesar."", ""Añadir el pollo deshilachado y el queso parmesano, mezclar bien y servir sobre papas sancochadas con arroz.""]",12,4
Arroz con Pollo,Platos de Fondo,Costa,"Arroz verde cocido con presas de pollo, un plato familiar de sabor intenso gracias al culantro.","[""presas de pollo"", ""arroz"", ""culantro"", ""cebolla"", ""ajo"", ""arvejas"", ""zanahoria"", ""ají amarillo"", ""cerveza negra"", ""sal"", ""pimienta""]","[""Sellar las presas de pollo y reservar."", ""Preparar un aderezo con cebolla, ajo y ají amarillo, agregar el culantro licuado."", ""Incorporar el pollo, caldo y un chorrito de cerveza negra; cocinar unos minutos."", ""Agregar el arroz, las arvejas y la zanahoria; cocinar tapado hasta que el arroz esté en su punto.""]",11,4
Seco de Res,Platos de Fondo,Costa,"Guiso de carne de res cocida a fuego lento en un aderezo de culantro, servido con frejoles y arroz.","[""carne de res"", ""culantro"", ""cebolla"", ""ajo"", ""arvejas"", ""zanahoria"", ""ají amarillo"", ""cerveza"", ""sal"", ""pimienta"", ""frejoles"", ""arroz""]","[""Sellar la carne en trozos y reservar."", ""Preparar un aderezo con cebolla, ajo y ají amarillo."", ""Incorporar la carne, el culantro licuado y un poco de cerveza; cocinar tapado a fuego lento hasta que esté tierna."", ""Añadir las arvejas y zanahoria al final, y servir con frejoles y arroz.""]",12,4
Cau Cau de Mondongo,Platos de Fondo,Costa,Guiso de mondongo (panza de res) en salsa de ají amarillo con papa y hierbabuena.,"[""mondongo"", ""papas"", ""cebolla"", ""ají amarillo"", ""hierbabuena"", ""arroz"", ""sal"", ""pimienta""]","[""Cocinar el mondongo previamente hasta que esté bien tierno y cortarlo en trozos pequeños."", ""Preparar un aderezo con cebolla y ají amarillo."", ""Agregar el mondongo y las papas, cocinar con un poco de caldo hasta que las papas ablanden."", ""Finalizar con hierbabuena picada y servir con arroz blanco.""]",8,4
Tacu Tacu con Lomo,Platos de Fondo,Costa,"Tortilla de frejoles y arroz dorada en sartén, acompañada de un jugoso lomo saltado o apanado encima.","[""arroz"", ""frejoles canario"", ""cebolla"", ""ají amarillo"", ""aceite"", ""lomo"", ""salsa criolla""]","[""Mezclar el arroz cocido con los frejoles machacados y un sofrito de cebolla y ají amarillo."", ""Formar una tortilla gruesa con la mezcla y dorarla en una sartén con aceite por ambos lados."", ""Aparte, saltear el lomo en tiras al estilo lomo saltado."", ""Servir el tacu tacu con el lomo saltado encima y salsa criolla al lado.""]",7,4
Escabeche de Pollo,Platos de Fondo,Costa,Presas de pollo fritas bañadas en un aderezo agridulce de cebolla y ají amarillo con vinagre.,"[""presas de pollo"", ""cebollas"", ""ajíes amarillos"", ""vinagre"", ""comino"", ""aceite"", ""sal"", ""pimienta"", ""huevo duro"", ""aceitunas""]","[""Sazonar y freír las presas de pollo hasta dorar completamente."", ""En el mismo aceite, saltear la cebolla y el ají amarillo con comino."", ""Agregar el vinagre y dejar hervir un par de minutos para formar el aderezo."", ""Bañar el pollo frito con el aderezo caliente y decorar con huevo duro y aceitunas.""]",10,4
Carapulcra,Platos de Fondo,Costa,"Guiso de papa seca con cerdo y maní, de origen afroperuano, tradicionalmente servido junto a la sopa seca.","[""papa seca"", ""carne de cerdo"", ""maní"", ""cebolla"", ""ají panca"", ""clavo de olor"", ""canela"", ""sal"", ""pimienta""]","[""Sellar la carne de cerdo y reservar."", ""Preparar un aderezo con cebolla, ají panca, clavo de olor y canela."", ""Agregar la papa seca remojada, la carne y caldo; cocinar a fuego lento hasta que la papa esté suave."", ""Incorporar el maní molido para espesar y servir junto a sopa seca.""]",9,4
Tallarín Verde con Bistec,Platos de Fondo,Costa,"Pasta bañada en una salsa cremosa de albahaca y espinaca, acompañada de un bistec apanado o a la plancha.","[""tallarines"", ""hojas de albahaca"", ""espinaca"", ""leche evaporada"", ""queso parmesano"", ""nueces"", ""bistecs de res"", ""sal"", ""pimienta""]","[""Licuar la albahaca, la espinaca, la leche, el queso y las nueces hasta obtener una salsa verde cremosa."", ""Cocinar los tallarines en agua con sal hasta que estén al dente."", ""Sazonar y cocinar los bistecs a la plancha o apanados hasta dorar."", ""Mezclar los tallarines con la salsa verde caliente y servir junto al bistec.""]",9,4
Arroz Tapado,Platos de Fondo,Costa,"Molde de arroz relleno de un guiso de carne, huevo duro y aceitunas, desmoldado como un pastel salado.","[""arroz"", ""carne"", ""cebolla"", ""ají panca"", ""comino"", ""huevo duro"", ""aceitunas"", ""sal"", ""pimienta""]","[""Preparar un guiso salteando la cebolla con ají panca y comino, agregar la carne molida y cocinar bien."", ""Incorporar el huevo duro y las aceitunas picadas al guiso."", ""En un molde, colocar una capa de arroz, el guiso en el centro y cubrir con más arroz, presionando bien."", ""Desmoldar en un plato y servir caliente.""]",9,4
Jalea Mixta,Platos de Fondo,Costa,"Generosa fritura de pescado y mariscos apanados, servida con yuca frita y salsa criolla.","[""filete de pescado"", ""mariscos mixtos"", ""harina"", ""aceite"", ""yuca"", ""salsa criolla"", ""sal"", ""pimienta""]","[""Sazonar el pescado y los mariscos con sal y pimienta."", ""Pasar cada pieza por harina, cubriendo bien."", ""Freír en aceite caliente hasta dorar y quedar crocante."", ""Servir bien caliente con yuca frita y salsa criolla.""]",8,4
Chicharrón de Pollo,Platos de Fondo,Costa,"Trozos de pollo marinados y fritos hasta quedar dorados y crocantes por fuera, jugosos por dentro.","[""presas de pollo"", ""jugo de limones"", ""ajo"", ""harina"", ""sal"", ""pimienta"", ""comino"", ""aceite"", ""yuca"", ""salsa criolla""]","[""Marinar el pollo con limón, ajo, sal, pimienta y comino por al menos 20 minutos."", ""Pasar las presas por harina, cubriendo bien cada pieza."", ""Freír en aceite caliente hasta dorar y cocinar por dentro."", ""Servir con yuca frita y salsa criolla.""]",10,4
Chicharrón de Chancho,Platos de Fondo,Costa,"Trozos de cerdo fritos en su propia grasa hasta quedar dorados, tradicional del desayuno peruano con camote y salsa criolla.","[""panceta o pierna de cerdo"", ""agua"", ""sal"", ""camote"", ""salsa criolla"", ""cancha o mote""]","[""Colocar los trozos de cerdo en una olla con agua y sal."", ""Cocinar a fuego medio hasta que el agua se evapore y el cerdo empiece a freírse en su propia grasa."", ""Dejar dorar bien por todos lados hasta quedar crocante."", ""Servir caliente con camote frito, salsa criolla y cancha o mote.""]",6,4
Estofado de Pollo,Platos de Fondo,Costa,Guiso casero de pollo cocido a fuego lento en salsa de tomate con papas y zanahoria.,"[""presas de pollo"", ""tomates"", ""cebolla"", ""papas"", ""zanahoria"", ""vino tinto"", ""ají panca"", ""sal"", ""pimienta""]","[""Sellar las presas de pollo y reservar."", ""Preparar un aderezo con cebolla, tomate y ají panca."", ""Agregar el pollo, un poco de vino y caldo; cocinar tapado a fuego lento."", ""Añadir las papas y la zanahoria, cocinar hasta que todo esté tierno y servir con arroz.""]",9,4
Frejoles con Seco,Platos de Fondo,Costa,Frejoles canarios guisados que acompañan tradicionalmente al seco de res o de cordero.,"[""frejoles canarios"", ""cebolla"", ""ajo"", ""ají panca"", ""pellejo o tocino"", ""sal"", ""pimienta""]","[""Cocinar los frejoles remojados en abundante agua hasta que estén tiernos."", ""Preparar un aderezo con cebolla, ajo y ají panca."", ""Incorporar el aderezo a los frejoles junto con el pellejo o tocino, cocinar hasta espesar."", ""Sazonar y servir junto a un seco de res o cordero y arroz.""]",7,4
Bistec a lo Pobre,Platos de Fondo,Costa,"Generoso plato de bistec acompañado de plátano frito, huevo, papas fritas y arroz.","[""bistecs de res"", ""plátanos maduros"", ""huevos"", ""papas"", ""sal"", ""pimienta"", ""ajo"", ""arroz blanco""]","[""Sazonar los bistecs con sal, pimienta y ajo molido, y cocinarlos a la plancha o sartén."", ""Freír las rodajas de plátano maduro hasta dorar."", ""Freír los huevos y las papas en bastones por separado."", ""Servir el bistec acompañado de plátano frito, huevo frito, papas fritas y arroz.""]",8,4
Salchipapa Criolla,Platos de Fondo,Costa,"Papas fritas cubiertas de trozos de salchicha frita, un clásico callejero acompañado de salsas.","[""papas"", ""salchichas"", ""aceite"", ""sal"", ""mayonesa"", ""ketchup"", ""salsa de ají""]","[""Freír las papas en bastones hasta que doren y estén crocantes."", ""Freír las rodajas de salchicha hasta que doren ligeramente."", ""Mezclar las papas con las salchichas fritas en un plato."", ""Servir con mayonesa, ketchup y salsa de ají al gusto.""]",7,4
Pollo a la Brasa,Platos de Fondo,Costa,"Pollo entero marinado en especias y asado lentamente hasta quedar dorado y jugoso, ícono de la comida peruana.","[""pollo"", ""ají panca"", ""ajo"", ""comino"", ""salsa de soya"", ""sal"", ""pimienta"", ""papas"", ""ensalada""]","[""Marinar el pollo con ají panca, ajo, comino, salsa de soya, sal y pimienta durante varias horas."", ""Colocar el pollo en un asador o rosticero y cocinar a fuego medio, girando constantemente."", ""Asar hasta que la piel quede dorada y crocante y el interior bien cocido."", ""Trozar y servir con papas fritas y ensalada.""]",9,4
Alitas Broaster,Platos de Fondo,Costa,"Alitas de pollo apanadas y fritas hasta quedar extra crocantes, acompañadas de papas fritas.","[""alitas de pollo"", ""harina"", ""huevo"", ""aceite"", ""sal"", ""pimienta"", ""papas""]","[""Sazonar las alitas con sal y pimienta."", ""Pasar las alitas por huevo batido y luego por la harina sazonada."", ""Freír en aceite caliente hasta dorar completamente y quedar crocantes."", ""Servir calientes junto con papas fritas.""]",7,4
Chaufa de Pollo,Platos de Fondo,Costa,"Arroz salteado al estilo chino-peruano con pollo, huevo, cebolla china y sillao.","[""arroz"", ""pechugas de pollo"", ""huevos"", ""cebolla china"", ""sillao"", ""aceite de ajonjolí"", ""sal"", ""pimienta""]","[""Saltear el pollo en cubos en un wok bien caliente hasta dorar; reservar."", ""En el mismo wok, cocinar los huevos batidos y romperlos en trozos."", ""Agregar el arroz frío, el pollo y saltear todo a fuego alto."", ""Añadir el sillao, la cebolla china y un chorrito de aceite de ajonjolí, mezclar bien y servir caliente.""]",8,4
Tallarín Saltado,Platos de Fondo,Costa,"Versión con fideos del clásico lomo saltado, salteados con carne, cebolla y tomate.","[""fideos spaghetti"", ""lomo de res"", ""cebolla"", ""tomates"", ""sillao"", ""vinagre"", ""culantro"", ""sal"", ""pimienta""]","[""Sellar el lomo en tiras a fuego alto en un wok."", ""Agregar la cebolla y saltear brevemente."", ""Incorporar el tomate, el sillao y un chorrito de vinagre."", ""Añadir los fideos cocidos, mezclar bien a fuego alto y servir con culantro picado.""]",9,4
Aeropuerto Criollo,Platos de Fondo,Costa,"Plato combinado que reúne chaufa, tallarín saltado y trozos de carne en una sola porción generosa.","[""arroz chaufa"", ""tallarín saltado"", ""carne o pollo salteado"", ""salsa china"", ""culantro""]","[""Preparar por separado el arroz chaufa y el tallarín saltado."", ""Saltear la carne o pollo con un poco de sillao."", ""Servir en un mismo plato el chaufa, el tallarín y la carne salteada."", ""Decorar con culantro picado y un poco de salsa china.""]",5,4
Arroz con Mariscos,Platos de Fondo,Costa,"Arroz cocido en un sabroso caldo de mariscos, coloreado con ají amarillo y culantro.","[""arroz"", ""mariscos mixtos"", ""cebolla"", ""ajo"", ""ají amarillo"", ""culantro"", ""sal"", ""pimienta""]","[""Preparar un aderezo con cebolla, ajo y ají amarillo."", ""Agregar los mariscos y saltear brevemente."", ""Incorporar el arroz y caldo de pescado, cocinar tapado hasta que el arroz esté en su punto."", ""Finalizar con culantro picado y servir caliente.""]",8,4
Sudado de Pescado,Platos de Fondo,Costa,"Pescado cocido a fuego lento sobre una cama de cebolla y tomate, en su propio jugo con un toque de chicha de jora.","[""pescado"", ""cebolla"", ""tomates"", ""chicha de jora o vino blanco"", ""ají amarillo"", ""culantro"", ""sal"", ""pimienta""]","[""Colocar una cama de cebolla y tomate en una olla ancha."", ""Sazonar el pescado y colocarlo sobre las verduras."", ""Bañar con la chicha de jora, agregar el ají amarillo y tapar."", ""Cocinar a fuego medio-bajo hasta que el pescado esté cocido y servir con su jugo y culantro.""]",8,4
Escabeche Mixto,Platos de Fondo,Costa,Combinación de pescado y pollo fritos bañados en un aderezo agridulce de cebolla y ají amarillo.,"[""presas de pollo"", ""pescado"", ""cebollas"", ""ajíes amarillos"", ""vinagre"", ""comino"", ""aceite"", ""sal"", ""pimienta""]","[""Sazonar y freír el pollo y el pescado por separado hasta dorar."", ""En el mismo aceite, saltear la cebolla y el ají amarillo con comino."", ""Agregar el vinagre y dejar hervir para formar el aderezo."", ""Bañar el pollo y el pescado fritos con el aderezo caliente y servir con huevo duro y aceitunas.""]",9,4
Adobo de Chancho,Platos de Fondo,Costa,"Trozos de cerdo marinados en chicha de jora y ají panca, cocidos a fuego lento hasta quedar tiernos.","[""carne de cerdo"", ""chicha de jora"", ""ají panca"", ""ajo"", ""orégano"", ""comino"", ""sal"", ""pimienta""]","[""Marinar la carne de cerdo con chicha de jora, ají panca, ajo y especias por varias horas."", ""Sellar la carne en una olla con un poco de aceite."", ""Agregar el líquido de la marinada y cocinar tapado a fuego lento hasta que la carne esté tierna."", ""Servir caliente con yuca sancochada o arroz.""]",8,4
Chicharrón de Calamar,Platos de Fondo,Costa,"Anillos de calamar apanados y fritos, crocantes por fuera y tiernos por dentro.","[""calamar"", ""jugo de limón"", ""harina"", ""aceite"", ""sal"", ""pimienta"", ""salsa criolla""]","[""Marinar los anillos de calamar con limón, sal y pimienta brevemente."", ""Pasar los anillos por harina, cubriendo bien."", ""Freír en aceite bien caliente por poco tiempo para que no queden duros."", ""Escurrir y servir de inmediato con salsa criolla.""]",7,4
Milanesa a lo Pobre,Platos de Fondo,Costa,"Milanesa de carne apanada acompañada de plátano frito, huevo frito, papas fritas y arroz.","[""carne"", ""pan"", ""huevos"", ""plátanos maduros"", ""huevos"", ""papas"", ""arroz""]","[""Pasar los filetes por huevo batido y luego por pan rallado."", ""Freír las milanesas hasta dorar por ambos lados."", ""Freír el plátano maduro y los huevos por separado."", ""Servir la milanesa con plátano frito, huevo frito, papas fritas y arroz.""]",7,4
Chupín de Pescado,Platos de Fondo,Costa,"Guiso de pescado con papas y leche, de sabor suave y reconfortante, similar a un chupe ligero.","[""pescado"", ""papas"", ""cebolla"", ""ají amarillo"", ""leche evaporada"", ""queso fresco"", ""sal"", ""pimienta""]","[""Preparar un aderezo con cebolla y ají amarillo."", ""Agregar agua o caldo y las papas, cocinar hasta que ablanden."", ""Incorporar el pescado y cocinar unos minutos."", ""Añadir la leche y el queso al final, ajustar sazón y servir caliente.""]",8,4
Pescado a lo Macho,Platos de Fondo,Costa,Filete de pescado bañado en una generosa salsa picante de mariscos y ají amarillo.,"[""pescado"", ""mariscos mixtos"", ""cebolla"", ""tomates"", ""ají amarillo"", ""vino blanco"", ""sal"", ""pimienta""]","[""Freír o sellar los filetes de pescado y reservar en un plato."", ""Preparar un aderezo con cebolla, tomate y ají amarillo."", ""Agregar los mariscos y un chorrito de vino blanco, cocinar hasta que los mariscos estén listos."", ""Bañar el pescado con la salsa de mariscos bien caliente y servir con arroz.""]",8,4
Cuy Chactado,Platos de Fondo,Sierra,"Cuy aplanado y frito hasta quedar dorado y crocante, plato tradicional de la sierra sur del Perú.","[""cuy"", ""ajo"", ""comino"", ""sal"", ""aceite"", ""papas"", ""mote"", ""salsa criolla""]","[""Sazonar el cuy con ajo, comino y sal, y dejar reposar."", ""Aplanar el cuy con una piedra o prensa antes de freír para que quede parejo."", ""Freír en abundante aceite caliente hasta que la piel quede dorada y crocante."", ""Servir entero acompañado de papas sancochadas, mote y salsa criolla.""]",8,4
Pachamanca,Platos de Fondo,Sierra,Variedad de carnes y tubérculos cocidos bajo tierra con piedras calientes y hierbas aromáticas.,"[""pollo"", ""cerdo"", ""cordero"", ""papas"", ""camotes"", ""habas"", ""humitas"", ""chincho"", ""huacatay"", ""paico"", ""ají panca"", ""ajo"", ""comino"", ""sal""]","[""Marinar las carnes con ají panca, ajo, comino y sal durante varias horas."", ""Calentar piedras al fuego hasta que estén al rojo vivo."", ""Colocar las piedras calientes en un hoyo, disponer las carnes, tubérculos y humitas por capas junto con las hierbas."", ""Cubrir todo con hojas y tierra, dejando cocinar por aproximadamente una hora antes de destapar y servir.""]",14,4
Puchero Andino,Sopas y Cremas,Sierra,"Guiso contundente de carnes variadas, verduras y tubérculos cocidos en un mismo caldo, típico de fiestas andinas.","[""carne de res"", ""gallina"", ""repollo"", ""zanahoria"", ""camote"", ""arroz graneado"", ""sal"", ""hierbas aromáticas""]","[""Cocinar las carnes en abundante agua hasta que estén tiernas."", ""Agregar el repollo, la zanahoria y el camote, cocinar hasta que las verduras ablanden."", ""Ajustar la sazón con sal y hierbas aromáticas."", ""Servir el caldo con las carnes y verduras, acompañado de arroz graneado.""]",8,4
Olluquito con Charqui,Platos de Fondo,Sierra,"Guiso andino de olluco en tiras con charqui (carne seca), de sabor terroso y reconfortante.","[""olluco"", ""charqui"", ""cebolla"", ""ají amarillo o panca"", ""ajo"", ""sal"", ""pimienta"", ""arroz""]","[""Freír el charqui deshilachado hasta que dore ligeramente; reservar."", ""Preparar un aderezo con cebolla, ajo y ají."", ""Agregar el olluco en tiras y cocinar tapado hasta que ablande, removiendo de vez en cuando."", ""Incorporar el charqui frito, mezclar bien y servir con arroz.""]",8,4
Pepián de Choclo,Platos de Fondo,Sierra,"Guiso espeso de choclo molido con carne o pollo, de textura cremosa y sabor dulce-salado.","[""choclos"", ""carne de cerdo o pollo"", ""cebolla"", ""ají amarillo"", ""hierbabuena"", ""sal"", ""pimienta""]","[""Sellar la carne o pollo y reservar."", ""Preparar un aderezo con cebolla y ají amarillo."", ""Agregar el choclo molido y un poco de caldo, cocinar removiendo para que no se pegue."", ""Incorporar la carne y cocinar hasta que espese, finalizando con hierbabuena.""]",7,4
Chuño Cola,Sopas y Cremas,Sierra,"Sopa espesa a base de chuño (papa deshidratada) con carne, típica de las alturas andinas.","[""chuño"", ""carne de res"", ""cebolla"", ""ají panca"", ""hierbabuena"", ""sal""]","[""Cocinar la carne en agua hasta que esté tierna, reservando el caldo."", ""Preparar un aderezo con cebolla y ají panca."", ""Diluir el chuño molido en un poco de agua e incorporarlo al caldo, cocinando hasta espesar."", ""Agregar la carne cocida, ajustar sazón y finalizar con hierbabuena picada.""]",6,4
Kapchi de Habas,Platos de Fondo,Sierra,"Guiso cusqueño de habas frescas con leche y queso, de sabor suave y reconfortante.","[""habas"", ""cebolla"", ""leche"", ""queso fresco"", ""huevos"", ""ají amarillo"", ""sal"", ""pimienta""]","[""Preparar un aderezo con cebolla y ají amarillo."", ""Agregar las habas y un poco de agua, cocinar hasta que estén tiernas."", ""Incorporar la leche y el queso, cocinar hasta espesar ligeramente."", ""Agregar los huevos batidos al final, revolviendo hasta cuajar, y servir caliente.""]",8,4
Chicharrón de Cuy,Platos de Fondo,Sierra,"Trozos de cuy fritos hasta quedar dorados y crocantes, variante del clásico cuy chactado.","[""cuy"", ""ajo"", ""comino"", ""sal"", ""aceite"", ""papas"", ""salsa criolla""]","[""Sazonar los trozos de cuy con ajo, comino y sal."", ""Dejar reposar la marinada por al menos 30 minutos."", ""Freír los trozos en aceite caliente hasta dorar completamente y quedar crocantes."", ""Servir con papas sancochadas y salsa criolla.""]",7,4
Charqui de Alpaca,Platos de Fondo,Sierra,"Carne de alpaca deshidratada y salada, frita y servida con maíz tostado y salsa criolla.","[""charqui de alpaca"", ""aceite"", ""cancha"", ""salsa criolla"", ""papas""]","[""Remojar el charqui de alpaca la noche anterior para suavizarlo."", ""Deshilachar o cortar el charqui en trozos pequeños."", ""Freír en aceite caliente hasta que quede dorado y crocante."", ""Servir con cancha, papas sancochadas y salsa criolla.""]",5,4
Pastel de Choclo,Platos de Fondo,Sierra,"Pastel horneado de choclo molido y un relleno de carne y cebolla, de sabor dulce y salado.","[""choclos"", ""huevo"", ""azúcar"", ""carne"", ""cebolla"", ""ají panca"", ""aceitunas"", ""pasas"", ""sal"", ""pimienta""]","[""Preparar un guiso salteando la cebolla con ají panca, agregar la carne y cocinar bien."", ""Mezclar el choclo molido con el huevo y el azúcar hasta formar una masa."", ""Colocar una capa de masa de choclo en una fuente, agregar el relleno de carne, aceitunas y pasas, cubrir con más masa."", ""Hornear hasta que la superficie esté dorada y servir caliente.""]",10,4
Humita Salada Serrana,"Panes, Tamales y Humitas",Sierra,"Masa de choclo molido envuelta en su propia panca y sazonada con queso, cocida al vapor.","[""choclos"", ""queso fresco"", ""cebolla"", ""panca de choclo"", ""sal"", ""manteca o mantequilla""]","[""Mezclar el choclo molido con la cebolla picada, el queso, sal y un poco de manteca."", ""Colocar porciones de la masa sobre las pancas de choclo y envolver bien, formando paquetes."", ""Cocinar al vapor en una olla grande durante aproximadamente una hora."", ""Dejar reposar unos minutos antes de desenvolver y servir.""]",6,4
Chairo Cusqueño,Sopas y Cremas,Sierra,"Variante cusqueña del chairo con chuño, carne y verduras andinas en un caldo espeso.","[""carne de res"", ""chuño"", ""cebolla"", ""zanahoria"", ""habas"", ""hierbabuena"", ""ají panca"", ""sal""]","[""Cocinar la carne en agua con cebolla hasta que esté tierna, formando un caldo base."", ""Agregar el chuño remojado y la zanahoria, cocinar por un buen tiempo."", ""Incorporar las habas y el ají panca, cocinar hasta que todo esté suave."", ""Finalizar con hierbabuena picada y servir bien caliente.""]",8,4
Caldo de Cabeza,Sopas y Cremas,Sierra,"Caldo contundente preparado con cabeza de cordero, muy popular como reconstituyente en la sierra.","[""cabeza de cordero"", ""papas"", ""cebolla"", ""hierbabuena"", ""ají panca"", ""sal""]","[""Cocinar la cabeza de cordero en abundante agua con cebolla durante varias horas hasta que la carne esté muy tierna."", ""Retirar la carne del hueso y reservarla junto con el caldo colado."", ""Agregar las papas al caldo y cocinar hasta que ablanden."", ""Incorporar la carne reservada, ajustar sazón con ají panca y sal, y finalizar con hierbabuena.""]",6,4
Cordero al Palo,Platos de Fondo,Sierra,"Cordero entero marinado en especias y asado lentamente sobre brasas, típico de celebraciones andinas.","[""pierna o cordero"", ""ají panca"", ""ajo"", ""comino"", ""romero"", ""cerveza negra"", ""sal"", ""pimienta"", ""papas"", ""choclo""]","[""Marinar el cordero con ají panca, ajo, comino, romero, cerveza, sal y pimienta durante varias horas."", ""Ensartar el cordero en un palo o colocarlo sobre una parrilla alta."", ""Asar lentamente sobre brasas, girando con frecuencia, hasta que esté bien cocido y dorado."", ""Trozar y servir con papas sancochadas y choclo.""]",10,4
Adobo Arequipeño,Platos de Fondo,Sierra,"Carne de cerdo marinada en chicha de jora y ají panca, cocida a fuego lento, típico plato de desayuno arequipeño.","[""carne de cerdo"", ""chicha de jora"", ""ají panca"", ""ajo"", ""orégano"", ""comino"", ""sal"", ""pimienta"", ""pan""]","[""Marinar la carne de cerdo con chicha de jora, ají panca, ajo y especias durante toda la noche."", ""Cocinar la carne junto con la marinada a fuego lento en una olla tapada."", ""Dejar reducir el líquido hasta que la carne esté muy tierna y la salsa espesa."", ""Servir caliente acompañado de pan.""]",9,4
Chupe Verde,Sopas y Cremas,Sierra,"Sopa arequipeña de papas con una base de hierbas y queso, de color verde intenso.","[""papas"", ""ramo de huacatay o culantro"", ""cebolla"", ""queso fresco"", ""huevo"", ""sal"", ""pimienta""]","[""Preparar un aderezo con cebolla."", ""Agregar agua o caldo y las papas, cocinar hasta que ablanden."", ""Licuar el huacatay o culantro con un poco del caldo e incorporar a la olla."", ""Añadir el queso y el huevo batido al final, cocinando unos minutos más antes de servir.""]",7,4
Trucha Frita,Platos de Fondo,Sierra,"Trucha entera frita hasta quedar dorada y crocante, típica de los ríos y lagos andinos.","[""truchas"", ""jugo de limones"", ""harina"", ""aceite"", ""sal"", ""pimienta"", ""ensalada"", ""papas""]","[""Marinar las truchas con limón, sal y pimienta por 10 minutos."", ""Pasar cada trucha por harina, cubriendo bien."", ""Freír en aceite caliente hasta dorar por ambos lados."", ""Servir caliente con ensalada y papas.""]",8,4
Trucha a la Plancha con Papas,Platos de Fondo,Sierra,"Trucha fresca cocida a la plancha con ajo y limón, acompañada de papas doradas.","[""trucha"", ""jugo de limón"", ""ajo"", ""mantequilla o aceite"", ""papas"", ""doradas"", ""sal"", ""pimienta""]","[""Sazonar los filetes de trucha con limón, ajo, sal y pimienta."", ""Calentar una plancha o sartén con un poco de mantequilla."", ""Cocinar los filetes por ambos lados hasta que estén dorados y cocidos por dentro."", ""Servir con papas doradas y una rodaja de limón.""]",8,4
Watia,Platos de Fondo,Sierra,"Papas y habas cocidas bajo tierra con piedras calientes, técnica ancestral andina similar a la pachamanca.","[""papas"", ""habas"", ""choclos"", ""sal"", ""queso fresco""]","[""Calentar piedras al fuego hasta que estén muy calientes."", ""Formar un pequeño horno de piedras y colocar dentro las papas, habas y choclos."", ""Cubrir todo con tierra y dejar cocinar durante aproximadamente 45 minutos."", ""Destapar con cuidado y servir caliente acompañado de queso fresco.""]",5,4
Rocoto Relleno Arequipeño con Pastel de Papa,Platos de Fondo,Sierra,"Versión completa del rocoto relleno arequipeño, servido junto a un pastel de papa gratinado.","[""rocotos"", ""carne"", ""cebolla"", ""ají panca"", ""maní"", ""papas"", ""leche evaporada"", ""huevo"", ""queso""]","[""Vaciar los rocotos y hervirlos varias veces para bajar el picor."", ""Preparar un guiso con cebolla, ají panca, carne molida y maní; rellenar los rocotos."", ""Colocar las rodajas de papa en una fuente, cubrir con una mezcla de huevo, leche y queso."", ""Hornear los rocotos junto al pastel de papa hasta gratinar y servir juntos.""]",9,4
Juane de Gallina,"Panes, Tamales y Humitas",Selva,"Arroz sazonado con gallina y huevo, envuelto en hoja de bijao y cocido al vapor, típico de San Juan en la selva.","[""arroz"", ""gallina"", ""huevos duros"", ""aceitunas"", ""hojas de bijao"", ""cúrcuma o palillo"", ""ajo"", ""sal"", ""pimienta""]","[""Sazonar el arroz cocido con palillo, ajo, sal y pimienta hasta que tome un color amarillo."", ""Mezclar el arroz con la gallina deshilachada, huevo duro y aceitunas."", ""Colocar porciones de la mezcla sobre hojas de bijao y envolver bien en forma de paquete."", ""Cocinar al vapor durante aproximadamente una hora y servir caliente.""]",9,4
Tacacho con Cecina,Platos de Fondo,Selva,"Plátano verde asado y majado con manteca, acompañado de cecina de cerdo frita, plato típico amazónico.","[""plátanos verdes"", ""manteca de cerdo"", ""cecina de cerdo"", ""sal"", ""chorizo regional""]","[""Asar los plátanos verdes con cáscara hasta que estén blandos."", ""Pelar y majar los plátanos con manteca y sal hasta formar bolas compactas."", ""Freír la cecina hasta que esté bien dorada y crocante."", ""Servir el tacacho junto con la cecina frita.""]",5,4
Patarashca de Pescado,Platos de Fondo,Selva,"Pescado sazonado y envuelto en hoja de bijao, cocido a la parrilla o al vapor, plato típico de la selva.","[""pescado de río"", ""cebolla"", ""tomate"", ""ají charapita o dulce"", ""hojas de bijao"", ""sal"", ""culantro""]","[""Sazonar el pescado con sal y colocar sobre una hoja de bijao."", ""Cubrir con cebolla, tomate y ají en rodajas."", ""Envolver bien la hoja formando un paquete y asegurar con hilo o tiras de la misma hoja."", ""Cocinar sobre una parrilla o al vapor hasta que el pescado esté cocido y servir caliente dentro de la hoja.""]",7,4
Inchicapi,Sopas y Cremas,Selva,"Sopa amazónica de gallina espesada con maní y maíz molido, de sabor suave y aromático.","[""gallina"", ""maní"", ""maíz"", ""cebolla"", ""ajo"", ""culantro"", ""sal"", ""pimienta""]","[""Cocinar la gallina en agua con cebolla y ajo hasta que esté tierna."", ""Diluir el maní molido y el maíz molido en un poco de caldo e incorporar a la olla."", ""Cocinar removiendo hasta que la sopa espese ligeramente."", ""Ajustar sazón y finalizar con culantro picado antes de servir.""]",8,4
Ensalada de Chonta,Entradas y Piqueos,Selva,"Ensalada fresca de palmito (chonta) con tomate y limón, típica de la selva peruana.","[""chonta"", ""tomate"", ""cebolla"", ""jugo de limón"", ""aceite"", ""sal"", ""pimienta"", ""culantro""]","[""Mezclar la chonta en tiras con el tomate y la cebolla en un bol."", ""Aliñar con jugo de limón, aceite, sal y pimienta."", ""Mezclar bien todos los ingredientes."", ""Servir fría, decorada con culantro picado.""]",8,4
Cecina Frita con Plátano,Platos de Fondo,Selva,"Carne de cerdo salada y ahumada, frita hasta dorar, acompañada de plátano frito.","[""cecina de cerdo"", ""plátanos maduros"", ""aceite"", ""arroz""]","[""Freír la cecina en una sartén hasta que esté bien dorada y crocante por fuera."", ""Freír las rodajas de plátano maduro hasta dorar."", ""Cortar la cecina en trozos si se desea."", ""Servir junto con el plátano frito y arroz.""]",4,4
Picadillo de Carachama,Platos de Fondo,Selva,"Guiso amazónico preparado con carachama, un pez de río de sabor particular, sazonado con especias regionales.","[""carachama"", ""cebolla"", ""tomate"", ""ají charapita"", ""culantro"", ""sal"", ""pimienta""]","[""Cocinar la carachama en agua con sal hasta que esté bien cocida."", ""Preparar un aderezo con cebolla, tomate y ají charapita."", ""Desmenuzar la carne de la carachama e incorporarla al aderezo."", ""Cocinar unos minutos más, ajustar sazón y servir con arroz o plátano.""]",7,4
Ceviche de Paiche,Entradas y Piqueos,Selva,"Versión amazónica del ceviche, preparada con paiche fresco marinado en limón y ají charapita.","[""filete de paiche"", ""jugo de limón"", ""cebolla roja"", ""ají charapita"", ""sal"", ""culantro""]","[""Sazonar los cubos de paiche con sal."", ""Bañar con abundante jugo de limón y dejar reposar unos minutos."", ""Incorporar la cebolla en pluma y el ají charapita."", ""Servir de inmediato con culantro picado y camote o choclo si se desea.""]",6,4
Sudado de Doncella,Platos de Fondo,Selva,"Pescado de río doncella cocido a fuego lento con cebolla y tomate, en su propio jugo.","[""doncella"", ""cebolla"", ""tomates"", ""ají charapita"", ""culantro"", ""sal"", ""pimienta""]","[""Colocar una cama de cebolla y tomate en una olla."", ""Sazonar el pescado y colocarlo sobre las verduras."", ""Agregar el ají charapita, tapar y cocinar a fuego medio-bajo."", ""Cocinar hasta que el pescado esté en su punto y servir con su jugo y culantro.""]",7,4
Sopa de Gallina Selvática,Sopas y Cremas,Selva,"Sopa de gallina criolla con yuca y culantro, preparada con ingredientes típicos de la Amazonía.","[""gallina"", ""yucas"", ""cebolla"", ""culantro"", ""ajo"", ""sal"", ""pimienta""]","[""Cocinar la gallina en agua con cebolla y ajo hasta que esté tierna."", ""Agregar la yuca en trozos y cocinar hasta que ablande."", ""Ajustar la sazón con sal y pimienta."", ""Finalizar con culantro picado antes de servir bien caliente.""]",7,4
Arroz con Pato a la Chiclayana,Platos de Fondo,Costa,"Presas de pato cocidas en un arroz verde con cerveza y culantro, especialidad del norte peruano.","[""presas de pato"", ""arroz"", ""culantro"", ""cebolla"", ""cerveza negra o chicha de jora"", ""ají amarillo"", ""arvejas"", ""zanahoria"", ""sal"", ""pimienta""]","[""Sellar las presas de pato hasta dorar bien la piel."", ""Preparar un aderezo con cebolla y ají amarillo, agregar el culantro licuado."", ""Incorporar el pato, la cerveza y caldo; cocinar tapado hasta que la carne esté tierna."", ""Agregar el arroz, arvejas y zanahoria, cocinar hasta que el arroz esté en su punto.""]",10,4
Timbuche de Pescado,Sopas y Cremas,Selva,"Sopa amazónica de pescado fresco con yuca y culantro, de preparación sencilla y sabor intenso.","[""pescado de río"", ""yucas"", ""cebolla"", ""ají charapita"", ""culantro"", ""sal"", ""pimienta""]","[""Preparar un caldo hirviendo agua con cebolla y ají charapita."", ""Agregar la yuca y cocinar hasta que empiece a ablandar."", ""Incorporar el pescado y cocinar unos minutos hasta que esté cocido."", ""Ajustar sazón y finalizar con culantro picado antes de servir.""]",7,4
Arroz con Pato Norteño,Arroces y Chaufas,Costa,"Arroz verde cocido junto a presas de pato, sazonado con culantro y un toque de cerveza, típico de Lambayeque.","[""presas de pato"", ""arroz"", ""culantro"", ""cebolla"", ""cerveza negra"", ""ají amarillo"", ""arvejas"", ""zanahoria""]","[""Sellar las presas de pato hasta dorar."", ""Preparar un aderezo con cebolla y ají amarillo, agregar el culantro licuado."", ""Incorporar el pato y la cerveza, cocinar tapado hasta que esté tierno."", ""Agregar el arroz y las verduras, cocinar hasta que el arroz esté listo.""]",8,4
Arroz Chaufa de Mariscos,Arroces y Chaufas,Costa,Arroz salteado al estilo chino-peruano con una variedad de mariscos y sillao.,"[""arroz"", ""mariscos mixtos"", ""huevos"", ""cebolla china"", ""sillao"", ""aceite de ajonjolí"", ""sal"", ""pimienta""]","[""Saltear los mariscos en un wok bien caliente hasta que estén cocidos; reservar."", ""Cocinar los huevos batidos en el mismo wok y romperlos en trozos."", ""Agregar el arroz frío y los mariscos, saltear todo a fuego alto."", ""Añadir el sillao, la cebolla china y el aceite de ajonjolí, mezclar y servir caliente.""]",8,4
Arroz a la Jardinera,Arroces y Chaufas,Costa,"Arroz graneado salteado con vegetales variados, ligero y colorido.","[""arroz"", ""zanahoria"", ""arvejas"", ""choclo"", ""pimiento"", ""aceite"", ""sal"", ""pimienta""]","[""Cocinar la zanahoria, arvejas, choclo y pimiento en agua con sal hasta que estén tiernos; escurrir."", ""Calentar aceite en una sartén y saltear las verduras brevemente."", ""Agregar el arroz cocido y mezclar bien con las verduras."", ""Sazonar con sal y pimienta, y servir caliente.""]",8,4
Arroz con Camarones,Arroces y Chaufas,Costa,Arroz cocido en un intenso caldo de camarones con ají amarillo.,"[""arroz"", ""camarones"", ""cebolla"", ""ají amarillo"", ""culantro"", ""sal"", ""pimienta""]","[""Preparar un caldo hirviendo las cáscaras de camarón con un poco de cebolla."", ""Preparar un aderezo con cebolla y ají amarillo, agregar los camarones pelados y saltear."", ""Incorporar el arroz y el caldo de camarones, cocinar tapado hasta que el arroz esté en su punto."", ""Finalizar con culantro picado y servir caliente.""]",7,4
Arroz Meloso de Mariscos,Arroces y Chaufas,Costa,"Arroz de textura cremosa y caldosa cocido con mariscos variados, similar a un risotto marinero.","[""arroz"", ""mariscos mixtos"", ""cebolla"", ""ají amarillo"", ""caldo de pescado"", ""culantro"", ""sal"", ""pimienta""]","[""Preparar un aderezo con cebolla y ají amarillo."", ""Agregar los mariscos y saltear brevemente."", ""Incorporar el arroz y añadir caldo de pescado poco a poco, removiendo constantemente hasta lograr una textura melosa."", ""Ajustar sazón, finalizar con culantro y servir de inmediato.""]",8,4
Arroz Norteño con Frejoles,Arroces y Chaufas,Costa,"Arroz graneado servido junto a frejoles guisados, acompañamiento típico del norte peruano.","[""arroz"", ""frejoles"", ""cebolla"", ""ají panca"", ""sal"", ""pimienta""]","[""Cocinar el arroz graneado de la forma habitual."", ""Preparar un aderezo con cebolla y ají panca para los frejoles."", ""Incorporar los frejoles cocidos al aderezo y cocinar hasta que tomen sabor."", ""Servir el arroz junto con los frejoles guisados.""]",6,4
Arroz con Menestras,Arroces y Chaufas,Costa,"Combinación clásica de arroz blanco con frejoles o lentejas guisadas, plato de todos los días en Perú.","[""arroz"", ""frejoles o lentejas"", ""cebolla"", ""tomate"", ""ají panca"", ""sal"", ""pimienta""]","[""Cocinar el arroz blanco graneado."", ""Preparar un aderezo con cebolla, tomate y ají panca."", ""Agregar las menestras cocidas al aderezo y cocinar hasta que espesen ligeramente."", ""Servir el arroz junto con las menestras guisadas.""]",7,4
Arroz Verde con Pollo,Arroces y Chaufas,Costa,Variante del arroz con pollo con un intenso color y sabor a culantro y espinaca.,"[""presas de pollo"", ""arroz"", ""culantro"", ""espinaca"", ""cebolla"", ""ají amarillo"", ""arvejas"", ""zanahoria"", ""sal"", ""pimienta""]","[""Sellar las presas de pollo y reservar."", ""Preparar un aderezo con cebolla y ají amarillo, agregar el licuado de culantro y espinaca."", ""Incorporar el pollo y caldo, cocinar unos minutos."", ""Agregar el arroz, arvejas y zanahoria, cocinar tapado hasta que el arroz esté listo.""]",10,4
Chaufa de Camarón,Arroces y Chaufas,Costa,"Arroz salteado al estilo chifa con camarones, huevo y verduras crocantes.","[""arroz"", ""camarones"", ""huevos"", ""cebolla china"", ""pimiento"", ""sillao"", ""aceite de ajonjolí"", ""sal"", ""pimienta""]","[""Saltear los camarones en un wok caliente hasta que estén cocidos; reservar."", ""Cocinar los huevos batidos en el wok y romperlos en trozos."", ""Agregar el arroz frío, los camarones, la cebolla china y el pimiento, saltear a fuego alto."", ""Añadir el sillao y el aceite de ajonjolí, mezclar bien y servir caliente.""]",9,4
Arroz Tapado de Pollo,Arroces y Chaufas,Costa,"Molde de arroz relleno de un guiso de pollo deshilachado, huevo y aceitunas.","[""arroz"", ""pechugas de pollo"", ""cebolla"", ""ají panca"", ""huevo duro"", ""aceitunas"", ""sal"", ""pimienta""]","[""Preparar un guiso salteando la cebolla con ají panca, agregar el pollo deshilachado y cocinar bien."", ""Incorporar el huevo duro y las aceitunas picadas al guiso."", ""En un molde, colocar una capa de arroz, el guiso en el centro y cubrir con más arroz."", ""Desmoldar en un plato y servir caliente.""]",8,4
Seco de Cabrito,Guisos y Estofados,Costa,"Cabrito cocido a fuego lento en un aderezo de culantro y chicha de jora, especialidad del norte peruano.","[""cabrito"", ""culantro"", ""cebolla"", ""ají amarillo"", ""chicha de jora"", ""frejoles"", ""arroz""]","[""Sellar los trozos de cabrito y reservar."", ""Preparar un aderezo con cebolla y ají amarillo."", ""Incorporar el cabrito, el culantro licuado y la chicha de jora; cocinar tapado a fuego lento hasta que esté tierno."", ""Servir con frejoles y arroz.""]",7,4
Seco de Pollo,Guisos y Estofados,Costa,"Presas de pollo cocidas en un aderezo de culantro, versión más ligera del seco de res.","[""presas de pollo"", ""culantro"", ""cebolla"", ""ají amarillo"", ""arvejas"", ""zanahoria"", ""frejoles"", ""arroz""]","[""Sellar las presas de pollo y reservar."", ""Preparar un aderezo con cebolla y ají amarillo."", ""Incorporar el pollo y el culantro licuado, cocinar tapado hasta que esté tierno."", ""Agregar arvejas y zanahoria al final, y servir con frejoles y arroz.""]",8,4
Guiso de Lentejas,Guisos y Estofados,Costa,"Lentejas guisadas con verduras, un plato casero nutritivo y económico infaltable en la mesa peruana.","[""lentejas"", ""cebolla"", ""zanahoria"", ""tomate"", ""ají panca"", ""sal"", ""pimienta"", ""arroz""]","[""Cocinar las lentejas remojadas en abundante agua hasta que estén tiernas."", ""Preparar un aderezo con cebolla, zanahoria, tomate y ají panca."", ""Incorporar el aderezo a las lentejas y cocinar unos minutos más hasta espesar."", ""Ajustar sazón y servir con arroz blanco.""]",8,4
Guiso de Pallares,Guisos y Estofados,Costa,"Pallares (frejoles grandes) guisados en un aderezo criollo, cremosos y de sabor suave.","[""pallares"", ""cebolla"", ""ají panca"", ""carne o tocino"", ""sal"", ""pimienta""]","[""Cocinar los pallares remojados en abundante agua hasta que estén tiernos."", ""Preparar un aderezo con cebolla y ají panca."", ""Incorporar el aderezo y el trozo de carne o tocino a los pallares, cocinar hasta que tomen sabor."", ""Ajustar sazón y servir con arroz.""]",6,4
Estofado de Carne,Guisos y Estofados,Costa,"Guiso casero de carne de res en salsa de tomate, cocido a fuego lento con papas.","[""carne de res"", ""tomates"", ""cebolla"", ""papas"", ""vino tinto"", ""ají panca"", ""sal"", ""pimienta""]","[""Sellar la carne y reservar."", ""Preparar un aderezo con cebolla, tomate y ají panca."", ""Incorporar la carne, un poco de vino y caldo; cocinar tapado a fuego lento hasta que esté tierna."", ""Agregar las papas y cocinar hasta que estén suaves; servir con arroz.""]",8,4
Guiso de Garbanzos,Guisos y Estofados,Costa,"Garbanzos guisados con carne y verduras, un plato reconfortante de sabor casero.","[""garbanzos"", ""carne de res"", ""cebolla"", ""zanahoria"", ""ají panca"", ""sal"", ""pimienta""]","[""Cocinar los garbanzos remojados junto con la carne en abundante agua hasta que ambos estén tiernos."", ""Preparar un aderezo con cebolla, zanahoria y ají panca."", ""Incorporar el aderezo a la olla y cocinar unos minutos más para integrar sabores."", ""Ajustar sazón y servir caliente con arroz.""]",7,4
Charquicán,Guisos y Estofados,Sierra,"Guiso de charqui con papas y verduras variadas, de origen andino y sabor terroso.","[""charqui"", ""papas"", ""zanahoria"", ""arvejas"", ""cebolla"", ""ají panca"", ""sal"", ""pimienta""]","[""Freír el charqui deshilachado hasta que dore ligeramente; reservar."", ""Preparar un aderezo con cebolla y ají panca."", ""Agregar las papas, la zanahoria y las arvejas, cocinar con un poco de agua hasta que ablanden."", ""Incorporar el charqui frito, mezclar bien y servir caliente.""]",8,4
Guiso de Choclo,Guisos y Estofados,Sierra,"Choclo desgranado guisado con queso y leche, de sabor dulce y cremoso.","[""choclos"", ""cebolla"", ""leche"", ""queso fresco"", ""ají amarillo"", ""sal"", ""pimienta""]","[""Preparar un aderezo con cebolla y ají amarillo."", ""Agregar el choclo desgranado y un poco de agua, cocinar hasta que esté tierno."", ""Incorporar la leche y cocinar hasta espesar ligeramente."", ""Añadir el queso al final y servir caliente.""]",7,4
Picante de Mariscos,Guisos y Estofados,Costa,Guiso picante de mariscos variados en una salsa de ají amarillo y rocoto.,"[""mariscos mixtos"", ""cebolla"", ""ají amarillo"", ""rocoto"", ""sal"", ""pimienta"", ""arroz""]","[""Preparar un aderezo con cebolla, ají amarillo y rocoto molido."", ""Agregar los mariscos y saltear brevemente."", ""Cocinar a fuego medio hasta que los mariscos estén en su punto y la salsa haya espesado."", ""Servir bien caliente con arroz blanco.""]",7,4
Picante de Cuy,Guisos y Estofados,Sierra,"Trozos de cuy cocidos en una salsa picante de ají panca y maní, plato tradicional andino.","[""cuy"", ""cebolla"", ""ají panca"", ""maní"", ""sal"", ""pimienta"", ""papas"", ""arroz""]","[""Sellar los trozos de cuy y reservar."", ""Preparar un aderezo con cebolla y ají panca."", ""Incorporar el cuy y el maní molido con un poco de caldo, cocinar tapado hasta que esté tierno."", ""Ajustar sazón y servir con papas y arroz.""]",8,4
Locro de Gallina,Guisos y Estofados,Sierra,"Guiso espeso de zapallo y choclo con gallina, de sabor dulce y reconfortante.","[""gallina"", ""zapallo"", ""choclo"", ""cebolla"", ""ají panca"", ""queso fresco"", ""sal"", ""pimienta""]","[""Cocinar la gallina en agua con cebolla hasta que esté tierna."", ""Preparar un aderezo con ají panca e incorporar al caldo."", ""Agregar el zapallo y el choclo, cocinar hasta que el zapallo se deshaga parcialmente y espese."", ""Añadir el queso al final y servir caliente.""]",8,4
Cau Cau de Pescado,Guisos y Estofados,Costa,"Guiso de pescado con papas en salsa de ají amarillo y hierbabuena, versión marina del cau cau.","[""pescado"", ""papas"", ""cebolla"", ""ají amarillo"", ""hierbabuena"", ""sal"", ""pimienta""]","[""Preparar un aderezo con cebolla y ají amarillo."", ""Agregar las papas y un poco de caldo, cocinar hasta que ablanden."", ""Incorporar el pescado y cocinar unos minutos hasta que esté cocido."", ""Finalizar con hierbabuena picada y servir con arroz.""]",7,4
Anticuchos de Corazón,Anticuchos y Parrillas,Costa,"Brochetas de corazón de res marinadas en ají panca y vinagre, asadas a la parrilla, clásico de la comida callejera.","[""corazón de res"", ""ají panca"", ""vinagre"", ""comino"", ""ajo"", ""sal"", ""pimienta"", ""papas"", ""choclo""]","[""Marinar los cubos de corazón con ají panca, vinagre, comino, ajo, sal y pimienta durante varias horas."", ""Ensartar los trozos en palitos de brocheta."", ""Asar a la parrilla, bañando con la marinada de vez en cuando, hasta que estén bien cocidos."", ""Servir calientes con papa y choclo sancochados.""]",9,4
Anticuchos de Pollo,Anticuchos y Parrillas,Costa,"Brochetas de pollo marinadas al estilo anticuchero, asadas a la parrilla hasta dorar.","[""pechuga de pollo"", ""ají panca"", ""vinagre"", ""ajo"", ""comino"", ""sal"", ""pimienta"", ""papas"", ""choclo""]","[""Marinar los cubos de pollo con ají panca, vinagre, ajo, comino, sal y pimienta."", ""Ensartar el pollo en palitos de brocheta."", ""Asar a la parrilla hasta que estén bien cocidos y ligeramente dorados."", ""Servir con papa y choclo sancochados.""]",9,4
Anticuchos Mixtos,Anticuchos y Parrillas,Costa,"Selección de brochetas de corazón, pollo y carne marinadas y asadas a la parrilla.","[""corazón de res"", ""pechuga de pollo"", ""carne de res"", ""ají panca"", ""vinagre"", ""ajo"", ""comino"", ""sal"", ""pimienta""]","[""Marinar cada tipo de carne por separado con ají panca, vinagre, ajo, comino, sal y pimienta."", ""Ensartar cada tipo de carne en brochetas distintas."", ""Asar todas las brochetas a la parrilla hasta que estén bien cocidas."", ""Servir juntas en una fuente con papa y choclo.""]",9,4
Parrillada Criolla,Anticuchos y Parrillas,Costa,Selección variada de carnes a la parrilla acompañadas de guarniciones criollas.,"[""res"", ""pollo"", ""chorizo"", ""ají panca"", ""ajo"", ""comino"", ""sal"", ""pimienta"", ""papas doradas"", ""ensalada criolla""]","[""Marinar las carnes con ají panca, ajo, comino, sal y pimienta."", ""Precalentar la parrilla a fuego medio-alto."", ""Asar las diferentes carnes hasta que estén bien cocidas, cuidando los tiempos de cada tipo."", ""Servir en una fuente grande con papas doradas y ensalada criolla.""]",10,4
Choncholí a la Parrilla,Anticuchos y Parrillas,Costa,"Tripas de res marinadas y asadas a la parrilla hasta quedar crocantes, infaltable en las anticucherías.","[""choncholí"", ""ají panca"", ""vinagre"", ""comino"", ""ajo"", ""sal"", ""pimienta"", ""papas"", ""choclo""]","[""Limpiar bien el choncholí y marinarlo con ají panca, vinagre, comino, ajo, sal y pimienta."", ""Dejar reposar la marinada por varias horas."", ""Asar a la parrilla hasta que quede bien dorado y crocante por fuera."", ""Servir con papa y choclo sancochados.""]",9,4
Costillar a la Parrilla,Anticuchos y Parrillas,Costa,Costillar de cerdo o res marinado y asado lentamente a la parrilla hasta quedar tierno y dorado.,"[""costillar de cerdo o res"", ""ají panca"", ""ajo"", ""comino"", ""salsa de soya"", ""miel"", ""sal"", ""pimienta""]","[""Marinar el costillar con ají panca, ajo, comino, sal y pimienta durante varias horas."", ""Precalentar la parrilla a fuego medio."", ""Asar el costillar lentamente, girando con frecuencia, hasta que esté tierno."", ""Glasear con una mezcla de salsa de soya y miel en los últimos minutos y servir caliente.""]",8,4
Salchicha Huachana,Anticuchos y Parrillas,Costa,"Salchicha de cerdo sazonada tradicional de Huacho, asada a la parrilla y servida con salsa criolla.","[""salchicha huachana"", ""aceite"", ""salsa criolla"", ""papas""]","[""Pinchar ligeramente las salchichas para evitar que se revienten al cocinar."", ""Asar a la parrilla a fuego medio hasta que doren por todos lados."", ""Cortar en trozos si se desea servir como piqueo."", ""Servir con salsa criolla y papas sancochadas.""]",4,4
Chorizo Parrillero Criollo,Anticuchos y Parrillas,Costa,"Chorizos asados a la parrilla, jugosos por dentro y dorados por fuera, ideales para compartir.","[""chorizo parrillero"", ""aceite"", ""pan francés"", ""salsa criolla""]","[""Precalentar la parrilla a fuego medio."", ""Colocar los chorizos y asar, girando con frecuencia, hasta que estén bien cocidos y dorados."", ""Retirar y dejar reposar un par de minutos."", ""Servir en pan francés con salsa criolla.""]",4,4
Mollejitas a la Parrilla,Anticuchos y Parrillas,Costa,"Mollejas de pollo marinadas y asadas hasta quedar doradas y crocantes, piqueo popular en las anticucherías.","[""mollejas de pollo"", ""ají panca"", ""ajo"", ""comino"", ""vinagre"", ""sal"", ""pimienta"", ""papas"", ""salsa criolla""]","[""Marinar las mollejas con ají panca, ajo, comino, vinagre, sal y pimienta."", ""Ensartar en brochetas si se desea."", ""Asar a la parrilla hasta que doren y queden crocantes por fuera."", ""Servir con papas sancochadas y salsa criolla.""]",9,4
Bife Angosto a la Parrilla,Anticuchos y Parrillas,Costa,Corte de carne de res sazonado simple y asado a la parrilla hasta el punto deseado.,"[""bifes angostos de res"", ""sal"", ""pimienta"", ""ajo"", ""papas doradas"", ""ensalada""]","[""Sazonar los bifes con sal, pimienta y ajo molido."", ""Precalentar la parrilla a fuego alto."", ""Asar los bifes por ambos lados hasta alcanzar el punto de cocción deseado."", ""Dejar reposar unos minutos y servir con papas doradas y ensalada.""]",6,4
Suspiro a la Limeña,Postres y Dulces,Costa,"Postre cremoso de manjar blanco cubierto con un merengue de oporto, un clásico de la repostería limeña.","[""leche condensada"", ""leche evaporada"", ""yemas de huevo"", ""claras de huevo"", ""azúcar"", ""oporto"", ""canela en polvo""]","[""Cocinar la leche condensada y evaporada a fuego lento hasta que espese, formando el manjar blanco."", ""Agregar las yemas al manjar tibio, removiendo constantemente para que no se cuajen, y cocinar unos minutos más."", ""Batir las claras con el azúcar y un chorrito de oporto hasta formar un merengue firme."", ""Servir el manjar en copas y cubrir con el merengue, espolvoreando canela por encima.""]",7,4
Mazamorra Morada,Postres y Dulces,Costa,Postre tradicional a base de maíz morado cocido con frutas y espesado con harina de camote o chuño.,"[""maíz morado"", ""piña"", ""cáscara"", ""trozos"", ""membrillo"", ""manzana"", ""canela"", ""clavo de olor"", ""azúcar"", ""harina de camote o chuño""]","[""Hervir el maíz morado junto con la cáscara de piña, canela y clavo de olor hasta obtener un líquido morado intenso."", ""Colar el líquido y volver a hervir con los trozos de fruta."", ""Agregar azúcar al gusto y disolver la harina de camote en un poco de agua fría, incorporándola para espesar."", ""Cocinar removiendo hasta lograr una consistencia espesa y dejar enfriar antes de servir.""]",10,4
Arroz con Leche,Postres y Dulces,Costa,"Arroz cocido lentamente en leche con canela y clavo de olor, un postre dulce y cremoso.","[""arroz"", ""leche"", ""leche condensada"", ""canela en rama"", ""clavo de olor"", ""cáscara de limón"", ""pasas""]","[""Cocinar el arroz en agua con canela, clavo y cáscara de limón hasta que esté casi tierno."", ""Agregar la leche poco a poco, removiendo constantemente a fuego bajo."", ""Incorporar la leche condensada y las pasas, cocinando hasta que espese."", ""Servir tibio o frío, tradicionalmente junto a la mazamorra morada.""]",7,4
Picarones,Postres y Dulces,Costa,"Aros de masa de zapallo y camote fritos, bañados en miel de chancaca, postre callejero muy popular.","[""zapallo"", ""camote"", ""harina"", ""levadura"", ""anís"", ""aceite"", ""chancaca"", ""naranja"", ""clavo de olor""]","[""Mezclar los purés de zapallo y camote con harina, levadura y anís hasta formar una masa elástica y dejar reposar."", ""Formar aros de masa con las manos húmedas y freírlos en aceite caliente hasta dorar."", ""Preparar la miel hirviendo chancaca con cáscara de naranja y clavo de olor hasta espesar."", ""Bañar los picarones calientes con la miel de chancaca antes de servir.""]",9,4
Turrón de Doña Pepa,Postres y Dulces,Costa,"Capas de masa frita bañadas en miel de chancaca especiada y decoradas con grageas de colores, típico de octubre.","[""harina"", ""manteca"", ""huevo"", ""anís"", ""chancaca"", ""naranja"", ""canela"", ""clavo de olor"", ""grageas de colores"", ""ajonjolí""]","[""Preparar una masa firme con harina, manteca, huevo y anís, y estirarla en capas delgadas."", ""Freír las capas de masa hasta dorar y dejar enfriar."", ""Hervir la chancaca con cáscara de naranja, canela y clavo hasta obtener una miel espesa."", ""Armar el turrón intercalando capas de masa con miel, y decorar la superficie con grageas y ajonjolí.""]",10,4
Alfajores Peruanos,Postres y Dulces,Costa,"Galletas suaves rellenas de manjar blanco, espolvoreadas con azúcar impalpable.","[""harina"", ""maicena"", ""mantequilla"", ""azúcar"", ""yemas de huevo"", ""manjar blanco"", ""azúcar impalpable""]","[""Mezclar la harina con la maicena, mantequilla, azúcar y yemas hasta formar una masa suave."", ""Estirar la masa y cortar círculos con un molde."", ""Hornear las galletas hasta que estén ligeramente doradas y dejar enfriar."", ""Unir dos galletas con manjar blanco en el centro y espolvorear con azúcar impalpable.""]",7,4
King Kong de Lambayeque,Postres y Dulces,Costa,"Galleta grande rellena de manjar blanco, dulce de piña y maní, especialidad de Lambayeque.","[""harina"", ""mantequilla"", ""azúcar"", ""manjar blanco"", ""dulce de piña"", ""maní""]","[""Preparar una masa de galleta con harina, mantequilla y azúcar, y hornear en capas grandes y delgadas."", ""Dejar enfriar completamente las capas de galleta."", ""Rellenar intercalando manjar blanco, dulce de piña y maní entre cada capa."", ""Armar el King Kong completo y dejar reposar antes de cortar en porciones.""]",6,4
Tejas de Ica,Postres y Dulces,Costa,"Dulces rellenos de manjar blanco y fruta confitada, bañados en un glaseado, típicos de Ica.","[""manjar blanco"", ""frutas confitadas"", ""glaseado de azúcar o chocolate blanco""]","[""Formar pequeñas porciones de manjar blanco con un trozo de fruta confitada en el centro."", ""Dar forma ovalada a cada dulce con las manos."", ""Bañar cada teja con el glaseado de azúcar o chocolate blanco."", ""Dejar secar el glaseado antes de servir.""]",3,4
Cocada,Postres y Dulces,Costa,"Dulce compacto de coco rallado cocido en almíbar, de sabor intenso y textura masticable.","[""coco"", ""azúcar"", ""agua"", ""canela en polvo""]","[""Hervir el agua con el azúcar hasta formar un almíbar."", ""Agregar el coco rallado y cocinar removiendo constantemente hasta que la mezcla se compacte."", ""Formar porciones pequeñas con las manos o un molde."", ""Espolvorear con canela y dejar enfriar antes de servir.""]",4,4
Champús,Postres y Dulces,Sierra,"Bebida espesa y dulce de mote, maíz morado y frutas, típica de la sierra sur, servida tibia o fría.","[""mote"", ""maíz morado"", ""piña"", ""cáscara"", ""trozos"", ""membrillo o manzana"", ""canela"", ""clavo de olor"", ""azúcar"", ""harina de chuño""]","[""Cocinar el mote pelado en agua hasta que esté muy tierno."", ""Aparte, hervir el maíz morado con la cáscara de piña, canela y clavo para obtener un líquido morado."", ""Colar el líquido morado y combinarlo con el mote cocido y los trozos de fruta, agregando azúcar al gusto."", ""Espesar con harina de chuño disuelta y cocinar unos minutos más antes de servir tibio.""]",10,4
Frejol Colado,Postres y Dulces,Costa,"Dulce cremoso de frejoles negros cocidos con leche, azúcar y especias, típico de Chincha.","[""frejoles negros"", ""leche evaporada"", ""azúcar"", ""canela"", ""clavo de olor"", ""ajonjolí""]","[""Colar el puré de frejoles negros para obtener una pasta fina y sin cáscaras."", ""Cocinar la pasta de frejoles con la leche, el azúcar, la canela y el clavo a fuego bajo."", ""Remover constantemente hasta que la mezcla espese y tome un brillo característico."", ""Servir frío o tibio, decorado con ajonjolí tostado.""]",6,4
Manjar Blanco Casero,Postres y Dulces,Costa,"Dulce de leche espeso y suave hecho a fuego lento, base de muchos postres peruanos.","[""leche"", ""azúcar"", ""bicarbonato de sodio"", ""esencia de vainilla""]","[""Colocar la leche, el azúcar y el bicarbonato en una olla de fondo grueso."", ""Cocinar a fuego medio-bajo, removiendo con frecuencia para que no se pegue."", ""Continuar la cocción por al menos una hora hasta que espese y tome un color dorado."", ""Agregar la vainilla al final, dejar enfriar y guardar en un frasco.""]",4,4
Humita Dulce,Postres y Dulces,Sierra,"Masa de choclo molido endulzada con pasas, envuelta en su panca y cocida al vapor.","[""choclos"", ""azúcar"", ""pasas"", ""canela en polvo"", ""panca de choclo"", ""mantequilla""]","[""Mezclar el choclo molido con el azúcar, la canela, las pasas y un poco de mantequilla."", ""Colocar porciones de la masa sobre las pancas de choclo y envolver bien formando paquetes."", ""Cocinar al vapor durante aproximadamente una hora."", ""Dejar reposar unos minutos antes de desenvolver y servir tibias.""]",6,4
Budín de Pan Peruano,Postres y Dulces,Costa,"Pan remojado en leche y huevo, horneado con pasas y canela hasta dorar, un postre casero de aprovechamiento.","[""panes del día anterior"", ""leche"", ""huevos"", ""azúcar"", ""pasas"", ""canela en polvo"", ""esencia de vainilla""]","[""Remojar el pan en la leche hasta que se deshaga completamente."", ""Batir los huevos con el azúcar y la vainilla, e incorporarlos al pan remojado junto con las pasas."", ""Verter la mezcla en un molde previamente acaramelado o engrasado."", ""Hornear a fuego medio hasta que esté firme y dorado por encima, dejar enfriar antes de desmoldar.""]",7,4
Crema Volteada,Postres y Dulces,Costa,"Flan cremoso bañado en caramelo, horneado a baño maría hasta lograr una textura suave.","[""leche condensada"", ""leche evaporada"", ""huevos"", ""esencia de vainilla"", ""azúcar""]","[""Preparar un caramelo dorado con azúcar y cubrir el fondo de un molde."", ""Licuar la leche condensada, la leche evaporada, los huevos y la vainilla hasta integrar bien."", ""Verter la mezcla sobre el caramelo y cocinar a baño maría en el horno hasta que cuaje."", ""Dejar enfriar completamente antes de desmoldar sobre un plato.""]",5,4
Torta Tres Leches Peruana,Postres y Dulces,Costa,"Bizcocho esponjoso bañado en una mezcla de tres leches, cubierto con merengue o crema chantilly.","[""huevos"", ""azúcar"", ""harina"", ""leche condensada"", ""leche evaporada"", ""crema de leche"", ""crema chantilly""]","[""Batir los huevos con el azúcar hasta que dupliquen su volumen, e incorporar la harina con movimientos envolventes."", ""Hornear el bizcocho hasta que esté cocido y dorado; dejar enfriar."", ""Mezclar las tres leches y bañar el bizcocho perforado con un tenedor, dejando que absorba bien el líquido."", ""Cubrir con crema chantilly y refrigerar antes de servir.""]",7,4
Empanaditas de Manjar Blanco,Postres y Dulces,Costa,"Pequeñas empanadas de masa dulce rellenas de manjar blanco, horneadas o fritas.","[""harina"", ""mantequilla"", ""azúcar"", ""huevo"", ""manjar blanco"", ""azúcar impalpable""]","[""Preparar una masa suave mezclando harina, mantequilla, azúcar y huevo."", ""Estirar la masa y cortar círculos pequeños."", ""Rellenar cada círculo con una cucharadita de manjar blanco y cerrar en forma de media luna."", ""Hornear hasta dorar y espolvorear con azúcar impalpable al servir.""]",6,4
Bienmesabe,Postres y Dulces,Costa,"Dulce cremoso a base de yemas y almíbar, de origen colonial, servido frío en copas.","[""yemas de huevo"", ""azúcar"", ""agua"", ""esencia de vainilla"", ""canela en polvo""]","[""Preparar un almíbar hirviendo el agua con el azúcar hasta que espese ligeramente."", ""Batir las yemas y añadirlas poco a poco al almíbar caliente, revolviendo constantemente para que no se corten."", ""Cocinar a fuego bajo hasta que la mezcla espese y tenga una textura cremosa."", ""Enfriar en copas individuales y espolvorear con canela antes de servir.""]",5,4
Ranfañote,Postres y Dulces,Costa,Dulce norteño de pan frito bañado en miel de chancaca con queso y frutas secas.,"[""panes del día anterior"", ""chancaca"", ""agua"", ""canela"", ""queso fresco"", ""pasas"", ""nueces"", ""aceite""]","[""Freír los trozos de pan hasta que doren ligeramente."", ""Preparar la miel hirviendo la chancaca con agua y canela hasta espesar."", ""Mezclar el pan frito con la miel caliente, el queso y las pasas."", ""Dejar reposar unos minutos para que el pan absorba la miel antes de servir.""]",8,4
Sanguito de Chancaca,Postres y Dulces,Costa,"Mazamorra espesa de harina de maíz con miel de chancaca, un dulce sencillo y tradicional.","[""harina de maíz o chuño"", ""chancaca"", ""agua"", ""canela"", ""clavo de olor"", ""pasas""]","[""Disolver la harina de maíz en un poco de agua fría."", ""Preparar la miel hirviendo la chancaca con agua, canela y clavo de olor."", ""Incorporar la harina disuelta a la miel caliente, cocinando y removiendo hasta espesar."", ""Agregar las pasas al final y servir tibio en tazones pequeños.""]",6,4
Guargüero,Postres y Dulces,Sierra,"Rollitos crocantes de masa frita rellenos de manjar blanco, típicos de Arequipa.","[""harina"", ""mantequilla"", ""huevo"", ""chorrito de pisco"", ""manjar blanco"", ""aceite"", ""azúcar impalpable""]","[""Preparar una masa firme con harina, mantequilla, huevo y pisco."", ""Estirar la masa bien delgada y cortar en tiras, enrollándolas en un cilindro o palito."", ""Freír los rollitos hasta que doren y queden crocantes."", ""Rellenar con manjar blanco una vez fríos y espolvorear con azúcar impalpable.""]",7,4
Rosquitas de Manteca,Postres y Dulces,Sierra,"Rosquitas crocantes horneadas a base de manteca y anís, típicas de la sierra peruana.","[""harina"", ""manteca"", ""anís"", ""azúcar"", ""huevo""]","[""Mezclar la harina con la manteca, el anís y el huevo hasta formar una masa uniforme."", ""Formar pequeñas rosquitas con las manos."", ""Hornear a temperatura media hasta que estén doradas."", ""Espolvorear con azúcar mientras aún están tibias.""]",5,4
Buñuelos Peruanos,Postres y Dulces,Costa,"Masa frita esponjosa bañada en miel de chancaca, típica de las fiestas navideñas.","[""harina"", ""levadura"", ""agua tibia"", ""aceite"", ""chancaca"", ""naranja"", ""canela""]","[""Preparar una masa suave con harina, levadura y agua tibia, dejando fermentar hasta que doble su volumen."", ""Formar bolitas de masa y freírlas en aceite caliente hasta que doren y se inflen."", ""Preparar la miel hirviendo la chancaca con cáscara de naranja y canela."", ""Bañar los buñuelos calientes con la miel antes de servir.""]",7,4
Panqueque de Manzana Criollo,Postres y Dulces,Costa,"Panqueques rellenos de manzana cocida en almíbar de canela, un postre casero sencillo.","[""harina"", ""huevo"", ""leche"", ""manzanas"", ""azúcar"", ""canela"", ""mantequilla""]","[""Preparar la masa de panqueques mezclando harina, huevo y leche, y cocinar finas tortillas en una sartén."", ""Cocinar las manzanas en cubos con azúcar, canela y un poco de mantequilla hasta que estén suaves."", ""Rellenar cada panqueque con el relleno de manzana y enrollar."", ""Servir tibios, bañados con un poco del almíbar de manzana.""]",7,4
Torta de Chocolate con Manjar,Postres y Dulces,Costa,"Bizcocho de chocolate relleno y cubierto con manjar blanco, un postre festivo muy popular.","[""harina"", ""cacao en polvo"", ""azúcar"", ""huevos"", ""mantequilla"", ""manjar blanco"", ""esencia de vainilla""]","[""Batir la mantequilla con el azúcar, agregar los huevos y la vainilla."", ""Incorporar la harina y el cacao en polvo, mezclando hasta integrar."", ""Hornear el bizcocho de chocolate y dejar enfriar completamente."", ""Rellenar y cubrir con manjar blanco antes de servir.""]",7,4
Chumbeque,Postres y Dulces,Costa,"Capas de galleta crocante intercaladas con miel de chancaca, dulce típico de Ica.","[""harina"", ""manteca"", ""agua"", ""chancaca"", ""agua"", ""canela"", ""ajonjolí""]","[""Preparar una masa firme con harina, manteca y agua, y estirarla en capas delgadas."", ""Hornear las capas hasta que estén doradas y crocantes."", ""Preparar la miel hirviendo la chancaca con agua y canela hasta espesar."", ""Armar el chumbeque intercalando capas de galleta con miel y decorar con ajonjolí.""]",7,4
Pastel de Acelga Dulce,Postres y Dulces,Sierra,"Pastel dulce elaborado con acelga, pasas y especias, una preparación tradicional poco común pero apreciada en la sierra.","[""acelga"", ""azúcar"", ""huevos"", ""harina"", ""pasas"", ""canela"", ""mantequilla""]","[""Escurrir bien la acelga cocida y picarla finamente."", ""Mezclar la acelga con el azúcar, los huevos, la harina, las pasas y la canela."", ""Verter la mezcla en un molde engrasado."", ""Hornear hasta que esté firme y dorado por encima, dejar enfriar antes de cortar.""]",7,4
Camotillos,Postres y Dulces,Costa,"Dulces suaves de camote cocido y azúcar, moldeados en pequeñas porciones, típicos de la repostería tradicional.","[""camotes"", ""azúcar"", ""esencia de vainilla"", ""azúcar impalpable""]","[""Cocinar el puré de camote con el azúcar a fuego bajo, removiendo hasta que espese y se despegue de la olla."", ""Agregar la esencia de vainilla y mezclar bien."", ""Dejar enfriar la masa y formar pequeñas bolitas u óvalos con las manos."", ""Pasar cada camotillo por azúcar impalpable antes de servir.""]",4,4
Natilla de Leche,Postres y Dulces,Sierra,"Dulce cremoso de leche y azúcar cocido a fuego lento hasta espesar, similar a un manjar más ligero.","[""leche"", ""azúcar"", ""bicarbonato"", ""canela en rama""]","[""Colocar la leche, el azúcar, el bicarbonato y la canela en una olla de fondo grueso."", ""Cocinar a fuego medio-bajo, removiendo con frecuencia."", ""Continuar la cocción hasta que la mezcla espese y tome un color dorado claro."", ""Retirar la canela, dejar enfriar y servir en tazones pequeños.""]",4,4
Machacado de Membrillo,Postres y Dulces,Sierra,"Dulce espeso de membrillo cocido y machacado con azúcar y especias, de sabor intenso.","[""membrillos"", ""azúcar"", ""canela"", ""clavo de olor"", ""agua""]","[""Cocinar los membrillos en agua con canela y clavo hasta que estén muy tiernos."", ""Escurrir y machacar los membrillos hasta obtener una pasta gruesa."", ""Cocinar la pasta con el azúcar a fuego bajo, removiendo hasta espesar."", ""Dejar enfriar y servir frío en porciones pequeñas.""]",5,4
Chicha Morada,Bebidas,Costa,"Bebida refrescante de maíz morado hervido con frutas y especias, endulzada y servida fría.","[""maíz morado"", ""piña"", ""cáscara"", ""trozos"", ""membrillo o manzana"", ""canela en rama"", ""clavo de olor"", ""azúcar"", ""jugo de limón""]","[""Hervir el maíz morado junto con la cáscara de piña, canela y clavo de olor durante aproximadamente 40 minutos."", ""Colar el líquido morado y dejar enfriar."", ""Agregar los trozos de fruta, el azúcar y un chorrito de jugo de limón."", ""Refrigerar y servir bien fría.""]",9,4
Chicha de Jora,Bebidas,Sierra,"Bebida fermentada a base de maíz jora, de raíces prehispánicas, consumida en celebraciones andinas.","[""maíz jora"", ""agua"", ""chancaca"", ""hojas de higo""]","[""Hervir el maíz jora molido en abundante agua durante varias horas hasta extraer su sabor."", ""Colar el líquido y dejarlo enfriar por completo."", ""Endulzar con chancaca y verter en un recipiente de barro o vidrio."", ""Dejar fermentar durante varios días en un lugar fresco antes de servir.""]",4,4
Pisco Sour,Bebidas,Costa,"El cóctel bandera del Perú, preparado con pisco, limón, jarabe de goma, clara de huevo y amargo de angostura.","[""pisco"", ""jugo de limón"", ""jarabe de goma"", ""clara de huevo"", ""hielo"", ""gotas de amargo de angostura""]","[""Colocar el pisco, el jugo de limón, el jarabe de goma, la clara de huevo y hielo en una coctelera."", ""Agitar enérgicamente durante al menos 15 segundos para que la clara forme espuma."", ""Colar y servir en una copa."", ""Decorar con unas gotas de amargo de angostura sobre la espuma.""]",6,4
Algarrobina,Bebidas,Costa,"Cóctel cremoso preparado con pisco y algarrobina, un jarabe dulce extraído de la vaina del algarrobo.","[""pisco"", ""algarrobina"", ""leche evaporada"", ""yema de huevo"", ""hielo"", ""canela en polvo""]","[""Colocar el pisco, la algarrobina, la leche y la yema en una licuadora con hielo."", ""Licuar hasta obtener una mezcla cremosa y homogénea."", ""Servir en copas o vasos cortos."", ""Espolvorear con canela antes de servir.""]",6,4
Chilcano de Pisco,Bebidas,Costa,"Cóctel refrescante de pisco con ginger ale y limón, ligero y de fácil preparación.","[""pisco"", ""ginger ale"", ""jugo de limón"", ""hielo"", ""limón""]","[""Llenar un vaso alto con hielo."", ""Agregar el pisco y el jugo de limón."", ""Completar con ginger ale y mezclar suavemente."", ""Decorar con una rodaja de limón y servir de inmediato.""]",5,4
Emoliente,Bebidas,Sierra,"Bebida caliente herbal a base de linaza y hierbas medicinales, tradicionalmente vendida en las calles por las mañanas.","[""linaza"", ""cola de caballo"", ""llantén"", ""boldo"", ""cebada"", ""jugo de limón"", ""miel de abeja""]","[""Hervir la linaza junto con las hierbas y la cebada tostada durante un buen tiempo hasta espesar ligeramente."", ""Colar el líquido resultante."", ""Endulzar con miel y agregar un chorrito de limón al servir."", ""Servir caliente, tradicionalmente en las mañanas frías.""]",7,4
Api Morado,Bebidas,Sierra,"Bebida caliente y espesa de maíz morado con especias, típica del desayuno en la sierra sur.","[""maíz morado"", ""agua"", ""canela"", ""clavo de olor"", ""azúcar o chancaca"", ""jugo de limón""]","[""Hervir el maíz morado molido con agua, canela y clavo de olor durante un buen tiempo."", ""Colar si se prefiere una textura más fina, o dejar espesa si se desea más rústica."", ""Endulzar con azúcar o chancaca al gusto."", ""Servir caliente con un chorrito de jugo de limón.""]",6,4
Masato,Bebidas,Selva,"Bebida fermentada de yuca, tradicional de las comunidades amazónicas, de sabor dulce y ligeramente ácido.","[""yuca"", ""agua"", ""azúcar o chancaca""]","[""Cocinar la yuca en agua hasta que esté muy tierna."", ""Machacar la yuca cocida hasta formar una pasta suave."", ""Diluir la pasta con agua y endulzar al gusto."", ""Dejar reposar en un recipiente tapado durante uno o dos días para que fermente ligeramente antes de servir.""]",3,4
Frutillada,Bebidas,Sierra,"Chicha de jora endulzada con fresas maceradas, típica de Arequipa, de color rosado y sabor frutal.","[""chicha de jora"", ""fresas maceradas"", ""azúcar"", ""hielo""]","[""Macerar las fresas con un poco de azúcar hasta que suelten su jugo."", ""Mezclar las fresas maceradas con la chicha de jora."", ""Endulzar al gusto y dejar reposar en frío."", ""Servir bien fría, con hielo si se desea.""]",4,4
Refresco de Maracuyá,Bebidas,Costa,"Bebida refrescante hecha con la pulpa de maracuyá, agua y azúcar, de sabor ácido y tropical.","[""maracuyás"", ""pulpa"", ""semillas"", ""agua"", ""azúcar"", ""hielo""]","[""Licuar la pulpa de maracuyá con un poco de agua y colar para separar las semillas."", ""Mezclar el jugo colado con el resto del agua."", ""Endulzar al gusto con azúcar."", ""Servir bien frío con hielo.""]",6,4
Jugo de Camu Camu,Bebidas,Selva,"Refresco preparado con la pulpa del camu camu, una fruta amazónica muy rica en vitamina C.","[""pulpa de camu camu"", ""agua"", ""azúcar"", ""hielo""]","[""Licuar la pulpa de camu camu con un poco de agua hasta integrar bien."", ""Colar el jugo si se desea una textura más fina."", ""Mezclar con el resto del agua y endulzar al gusto."", ""Servir bien frío con hielo.""]",4,4
Machica con Leche,Bebidas,Sierra,"Bebida nutritiva de harina de cebada tostada mezclada con leche caliente, típica del desayuno andino.","[""machica"", ""leche"", ""azúcar o chancaca"", ""canela en polvo""]","[""Calentar la leche en una olla sin dejar que hierva demasiado."", ""Diluir la machica en un poco de leche fría para evitar grumos."", ""Incorporar la mezcla a la leche caliente y remover bien."", ""Endulzar al gusto y espolvorear con canela antes de servir.""]",4,4
Té Piteado,Bebidas,Sierra,"Infusión de hierbas aromáticas combinada con un toque de pisco o aguardiente, popular en las noches frías andinas.","[""agua caliente"", ""muña"", ""manzanilla o hierba luisa"", ""aguardiente o pisco"", ""miel o azúcar""]","[""Preparar una infusión hirviendo agua con las hierbas elegidas durante unos minutos."", ""Colar la infusión y verter en tazas."", ""Agregar un chorrito de aguardiente o pisco a cada taza."", ""Endulzar con miel o azúcar y servir caliente.""]",5,4
Horchata Norteña,Bebidas,Costa,"Refresco a base de una mezcla de semillas y hierbas aromáticas, típico del norte del Perú.","[""semillas de horchata"", ""agua"", ""azúcar"", ""hielo""]","[""Remojar la mezcla de semillas y hierbas en agua durante varias horas."", ""Licuar o macerar bien la mezcla remojada."", ""Colar el líquido resultante y endulzar al gusto."", ""Servir frío con hielo.""]",4,4
Chicha de Maíz Morado con Frutas,Bebidas,Costa,"Variante de la chicha morada con mayor cantidad de fruta macerada, de sabor más intenso y frutal.","[""maíz morado"", ""piña"", ""membrillo"", ""manzana"", ""canela"", ""clavo de olor"", ""azúcar"", ""jugo de limón""]","[""Hervir el maíz morado con la cáscara de piña, canela y clavo hasta obtener un líquido morado concentrado."", ""Colar y dejar enfriar el líquido."", ""Macerar los trozos de fruta directamente en la chicha durante un par de horas en el refrigerador."", ""Endulzar con azúcar y un chorrito de limón antes de servir bien fría.""]",8,4
Tamal Verde,"Panes, Tamales y Humitas",Costa,"Masa de maíz sazonada con culantro y rellena de cerdo, envuelta en panca y cocida al vapor.","[""maíz"", ""culantro"", ""carne de cerdo"", ""manteca"", ""ajo"", ""sal"", ""panca de choclo o maíz""]","[""Sazonar y cocinar la carne de cerdo hasta que esté tierna; reservar junto con un poco de su caldo."", ""Mezclar el maíz molido con el culantro licuado, la manteca y sal hasta formar una masa uniforme."", ""Colocar una porción de masa sobre la panca, agregar un trozo de carne en el centro y envolver bien."", ""Cocinar al vapor durante aproximadamente una hora y servir caliente con salsa criolla.""]",7,4
Tamal Costeño,"Panes, Tamales y Humitas",Costa,"Masa de maíz amarillo rellena de pollo o cerdo, envuelta en hoja de plátano o panca y cocida al vapor.","[""maíz"", ""manteca"", ""ajo"", ""ají panca"", ""pollo o cerdo"", ""aceitunas"", ""huevo duro"", ""hojas de plátano o panca""]","[""Preparar la masa mezclando el maíz molido con manteca, ají panca y sal."", ""Colocar una porción de masa sobre la hoja, agregar el relleno de carne, aceituna y huevo."", ""Envolver bien formando un paquete compacto y amarrar con tiras de la misma hoja o hilo."", ""Cocinar al vapor durante una hora aproximadamente y servir caliente.""]",8,4
Humita Salada,"Panes, Tamales y Humitas",Costa,"Masa de choclo molido sazonada con queso y cebolla, envuelta en panca y cocida al vapor.","[""choclos"", ""queso fresco"", ""cebolla"", ""panca de choclo"", ""sal"", ""manteca""]","[""Mezclar el choclo molido con la cebolla, el queso, la sal y un poco de manteca."", ""Colocar porciones de la masa sobre las pancas y envolver formando paquetes."", ""Cocinar al vapor durante aproximadamente una hora."", ""Dejar reposar unos minutos antes de desenvolver y servir.""]",6,4
Pan Chuta,"Panes, Tamales y Humitas",Sierra,"Pan grande y esponjoso característico del Cusco, elaborado con manteca y un toque de anís.","[""harina"", ""levadura"", ""agua tibia"", ""manteca"", ""azúcar"", ""anís"", ""sal""]","[""Preparar una masa con harina, levadura, agua tibia, manteca, azúcar, anís y sal, amasando bien."", ""Dejar reposar la masa hasta que doble su volumen."", ""Formar panes grandes y redondos, y dejar leudar nuevamente."", ""Hornear a fuego medio hasta que estén bien dorados y cocidos por dentro.""]",7,4
Pan de Anís,"Panes, Tamales y Humitas",Sierra,"Pan dulce aromatizado con semillas de anís, tradicional del desayuno andino.","[""harina"", ""levadura"", ""agua tibia"", ""azúcar"", ""manteca"", ""semillas de anís"", ""sal""]","[""Mezclar la harina con la levadura, el agua tibia, el azúcar, la manteca, el anís y la sal."", ""Amasar bien hasta obtener una masa elástica y dejar reposar hasta que duplique su volumen."", ""Formar panes pequeños y dejar leudar nuevamente."", ""Hornear hasta que estén dorados y cocidos por dentro.""]",7,4
Bizcochuelo Peruano,"Panes, Tamales y Humitas",Costa,"Bizcocho esponjoso batido a mano, base de muchos postres y tortas caseras peruanas.","[""huevos"", ""azúcar"", ""harina"", ""esencia de vainilla""]","[""Batir los huevos con el azúcar hasta que dupliquen su volumen y estén bien espumosos."", ""Incorporar la harina cernida con movimientos envolventes para no perder aire."", ""Verter la mezcla en un molde previamente engrasado y enharinado."", ""Hornear hasta que esté cocido y dorado, dejar enfriar antes de desmoldar.""]",4,4
Semita Arequipeña,"Panes, Tamales y Humitas",Sierra,"Pan dulce arequipeño con chancaca y ajonjolí, de textura firme y ligeramente especiada.","[""harina"", ""levadura"", ""agua tibia"", ""chancaca"", ""manteca"", ""ajonjolí""]","[""Preparar una masa con harina, levadura, agua tibia, chancaca disuelta y manteca."", ""Amasar bien y dejar reposar hasta que la masa duplique su volumen."", ""Formar los panes y espolvorear con ajonjolí por encima."", ""Hornear hasta que estén dorados y cocidos por dentro.""]",6,4
Rosca de Reyes Peruana,"Panes, Tamales y Humitas",Costa,"Pan dulce en forma de rosca decorado con frutas confitadas, tradicional de las fiestas de enero.","[""harina"", ""levadura"", ""agua tibia"", ""azúcar"", ""mantequilla"", ""huevos"", ""ralladura de naranja"", ""limón"", ""frutas confitadas""]","[""Preparar una masa suave con harina, levadura, azúcar, mantequilla, huevos y las ralladuras."", ""Amasar bien y dejar reposar hasta que duplique su volumen."", ""Formar la masa en forma de rosca y decorar con frutas confitadas."", ""Hornear hasta que esté dorada y cocida por dentro.""]",9,4
Pan Serrano,"Panes, Tamales y Humitas",Sierra,"Pan rústico de corteza gruesa y miga densa, horneado tradicionalmente en hornos de barro andinos.","[""harina integral"", ""harina blanca"", ""levadura"", ""agua tibia"", ""sal""]","[""Mezclar las harinas con la levadura, el agua tibia y la sal, amasando hasta obtener una masa firme."", ""Dejar reposar la masa hasta que duplique su volumen."", ""Formar panes redondos y dejar leudar nuevamente sobre una superficie enharinada."", ""Hornear a fuego fuerte hasta que la corteza quede dorada y crocante.""]",5,4
Bollos de Manteca,"Panes, Tamales y Humitas",Sierra,"Panecillos suaves elaborados con manteca, típicos de las panaderías tradicionales andinas.","[""harina"", ""levadura"", ""agua tibia"", ""manteca"", ""azúcar"", ""sal""]","[""Mezclar la harina con la levadura, el agua tibia, la manteca, el azúcar y la sal."", ""Amasar bien hasta obtener una masa suave y dejar reposar hasta que duplique su volumen."", ""Formar pequeños bollos y dejar leudar nuevamente."", ""Hornear hasta que estén dorados y cocidos por dentro.""]",6,4
Empanadas de Pino Criollo,"Panes, Tamales y Humitas",Costa,"Empanadas horneadas rellenas de un guiso de carne, huevo y aceitunas, de masa dorada y crocante.","[""harina"", ""mantequilla"", ""agua"", ""carne"", ""cebolla"", ""ají panca"", ""comino"", ""huevo duro"", ""aceitunas""]","[""Preparar la masa mezclando harina, mantequilla y agua fría hasta formar una masa firme; dejar reposar."", ""Preparar un guiso salteando la cebolla con ají panca y comino, agregando la carne molida."", ""Estirar la masa, cortar círculos, rellenar con el guiso, huevo duro y aceitunas, y sellar bien los bordes."", ""Hornear hasta que las empanadas estén doradas y crocantes.""]",9,4
Pan Francés Peruano,"Panes, Tamales y Humitas",Costa,"Pan pequeño de corteza crocante y miga suave, infaltable en el desayuno peruano.","[""harina"", ""levadura"", ""agua tibia"", ""manteca"", ""sal"", ""azúcar""]","[""Mezclar la harina con la levadura, el agua tibia, la manteca, la sal y el azúcar."", ""Amasar bien hasta obtener una masa elástica y dejar reposar hasta que duplique su volumen."", ""Formar panecillos ovalados y hacer un corte superficial en cada uno."", ""Hornear a fuego fuerte hasta que la corteza quede dorada y crocante.""]",6,4
Torrejas de Coliflor con Miel de Chancaca,Postres y Dulces,Sierra,"Preparación dulce donde la coliflor se cocina, se pasa por huevo y se fríe, bañada en miel de chancaca.","[""coliflor"", ""harina"", ""huevo"", ""aceite"", ""chancaca"", ""agua"", ""canela""]","[""Cocinar la coliflor hasta que esté tierna y escurrir bien."", ""Pasar cada ramillete por harina y luego por huevo batido."", ""Freír en aceite caliente hasta dorar."", ""Bañar con miel de chancaca preparada hirviendo chancaca, agua y canela, y servir caliente.""]",7,4
Panetón Peruano,"Panes, Tamales y Humitas",Costa,"Pan dulce navideño con pasas y frutas confitadas, tradición muy arraigada en las fiestas de fin de año.","[""harina"", ""levadura"", ""agua tibia"", ""azúcar"", ""mantequilla"", ""huevos"", ""pasas"", ""frutas confitadas"", ""esencia de vainilla"", ""ralladura de naranja""]","[""Preparar una masa suave con harina, levadura, azúcar, mantequilla, huevos y saborizantes."", ""Amasar bien e incorporar las pasas y frutas confitadas."", ""Dejar leudar la masa en un molde alto hasta que duplique su volumen."", ""Hornear hasta que esté bien dorado y cocido por dentro, dejar enfriar antes de cortar.""]",10,4
Chapla Arequipeña,"Panes, Tamales y Humitas",Sierra,"Pan plano y aplanado típico de Arequipa, de sabor ligeramente dulce y textura firme.","[""harina"", ""levadura"", ""agua tibia"", ""manteca"", ""azúcar"", ""sal""]","[""Mezclar la harina con la levadura, el agua tibia, la manteca, el azúcar y la sal."", ""Amasar bien y dejar reposar hasta que duplique su volumen."", ""Formar panes planos y aplanarlos con las manos antes de hornear."", ""Hornear hasta que estén dorados por ambos lados.""]",6,4
Salsa Criolla (Cebolla Curtida),Ensaladas y Guarniciones,Costa,"Cebolla roja curtida en limón con ají, el acompañamiento infaltable de la comida criolla peruana.","[""cebollas rojas"", ""jugo de limones"", ""ají limo"", ""culantro"", ""sal"", ""pimienta"", ""chorrito de aceite""]","[""Lavar la cebolla en pluma con agua fría para suavizar su sabor."", ""Mezclar la cebolla con el jugo de limón, el ají limo y el culantro."", ""Sazonar con sal, pimienta y un chorrito de aceite."", ""Dejar reposar unos minutos antes de servir junto a cualquier plato criollo.""]",7,4
Ensalada de Palta y Tomate,Ensaladas y Guarniciones,Costa,"Ensalada fresca y sencilla de palta y tomate, aliñada con limón y un toque de sal.","[""paltas maduras"", ""tomates"", ""cebolla"", ""jugo de limón"", ""aceite de oliva"", ""sal"", ""pimienta""]","[""Acomodar las láminas de palta y las rodajas de tomate en un plato alternadas."", ""Distribuir la cebolla en pluma por encima."", ""Aliñar con jugo de limón, aceite de oliva, sal y pimienta."", ""Servir de inmediato como acompañamiento.""]",7,4
Ensalada Rusa Peruana,Ensaladas y Guarniciones,Costa,"Ensalada fría de papa, zanahoria y arvejas ligadas con mayonesa, infaltable acompañamiento de pollo a la brasa.","[""papas"", ""zanahorias"", ""arvejas"", ""mayonesa"", ""sal"", ""pimienta""]","[""Cocinar las papas y zanahorias en cubos hasta que estén tiernas pero firmes; escurrir y enfriar."", ""Mezclar las papas y zanahorias con las arvejas cocidas."", ""Añadir mayonesa al gusto y mezclar bien."", ""Sazonar con sal y pimienta y refrigerar antes de servir.""]",6,4
Puré de Papas Criollo,Ensaladas y Guarniciones,Costa,"Puré suave de papa amarilla con mantequilla y leche, acompañamiento clásico de guisos y carnes.","[""papas amarillas"", ""mantequilla"", ""leche caliente"", ""sal"", ""pimienta""]","[""Prensar las papas sancochadas mientras aún están calientes."", ""Incorporar la mantequilla y mezclar hasta que se derrita por completo."", ""Agregar leche caliente poco a poco hasta lograr la consistencia deseada."", ""Sazonar con sal y pimienta y servir caliente.""]",5,4
Frejoles Refritos,Ensaladas y Guarniciones,Costa,"Frejoles cocidos y machacados, salteados en un sofrito de cebolla, un acompañamiento sencillo y sabroso.","[""frejoles"", ""cebolla"", ""ají panca"", ""aceite"", ""sal"", ""pimienta""]","[""Machacar los frejoles cocidos hasta obtener una textura gruesa."", ""Preparar un sofrito con cebolla y ají panca en un poco de aceite."", ""Agregar los frejoles machacados y cocinar removiendo hasta que se integren bien con el sofrito."", ""Ajustar la sazón y servir caliente.""]",6,4
Sarsa de Cebolla,Ensaladas y Guarniciones,Costa,"Variante de la salsa criolla con más tomate, un acompañamiento fresco y ácido para carnes a la parrilla.","[""cebollas rojas"", ""tomates"", ""jugo de limón"", ""ají limo"", ""culantro"", ""sal"", ""pimienta""]","[""Mezclar la cebolla en pluma con los tomates en cubos."", ""Agregar el ají limo y el culantro picado."", ""Aliñar con jugo de limón, sal y pimienta."", ""Dejar reposar unos minutos antes de servir.""]",7,4
Ensalada Criolla de Rabanito,Ensaladas y Guarniciones,Costa,"Ensalada fresca y crocante de rabanito y cebolla aliñada con limón, ideal para acompañar pescados.","[""rabanitos"", ""cebolla"", ""jugo de limón"", ""aceite"", ""sal"", ""pimienta"", ""culantro""]","[""Mezclar los rabanitos en rodajas con la cebolla en pluma."", ""Aliñar con jugo de limón, aceite, sal y pimienta."", ""Agregar culantro picado y mezclar bien."", ""Servir fría como guarnición.""]",7,4
Camote Sancochado con Ají,Ensaladas y Guarniciones,Costa,"Camote cocido servido con una salsa de ají amarillo, acompañamiento dulce y picante a la vez.","[""camotes"", ""ajíes amarillos"", ""ajo"", ""aceite"", ""limón"", ""sal""]","[""Sancochar los camotes hasta que estén tiernos y cortarlos en rodajas."", ""Licuar el ají amarillo con ajo, aceite, limón y sal hasta obtener una salsa."", ""Bañar las rodajas de camote con la salsa de ají."", ""Servir como acompañamiento de platos criollos.""]",6,4
Choclo con Queso,Ensaladas y Guarniciones,Sierra,"Choclo sancochado servido con trozos de queso fresco, un piqueo sencillo y muy popular en el Perú.","[""choclos"", ""queso fresco"", ""sal""]","[""Sancochar los choclos en agua con sal hasta que los granos estén tiernos."", ""Cortar los choclos en trozos o dejarlos enteros."", ""Servir junto con trozos de queso fresco."", ""Añadir un poco de sal adicional al gusto antes de servir.""]",3,4
Papa Sancochada con Salsa Huancaína,Ensaladas y Guarniciones,Sierra,"Papa cocida servida con la clásica salsa huancaína, una guarnición cremosa y de sabor intenso.","[""papas"", ""queso fresco"", ""ajíes amarillos"", ""leche evaporada"", ""galletas de soda"", ""sal""]","[""Licuar el queso, el ají amarillo, la leche y las galletas hasta obtener una salsa cremosa."", ""Cortar las papas sancochadas en rodajas gruesas."", ""Bañar las papas con la salsa huancaína."", ""Servir como guarnición o entrada, decorado con aceitunas si se desea.""]",6,4
Anticuchos de Pulpo,Anticuchos y Parrillas,Costa,"Brochetas de pulpo marinadas en ají panca y asadas a la parrilla, una variante marina de los anticuchos clásicos.","[""pulpo"", ""ají panca"", ""vinagre"", ""ajo"", ""comino"", ""sal"", ""pimienta"", ""papas"", ""choclo""]","[""Marinar los trozos de pulpo cocido con ají panca, vinagre, ajo, comino, sal y pimienta."", ""Ensartar los trozos en palitos de brocheta."", ""Asar a la parrilla brevemente, bañando con la marinada, hasta que doren ligeramente."", ""Servir calientes con papa y choclo sancochados.""]",9,4
